,gene,subject,PID,alnLength,mismatchCount,gapOpenCount,queryStart,queryEnd,subjectStart,subjectEnd,eVal,bitScore,gene_length,COV,BBH
0,BSU_00010,b3702,43.413000000000004,463,229,7,5,443,3,456,1.1899999999999997e-134,392.0,446,1.0381165919282511,<=>
2,BSU_00020,b3701,26.385,379,262,7,1,376,1,365,4.24e-46,159.0,378,1.0026455026455026,<=>
3,BSU_00040,b3700,24.528000000000002,371,263,5,1,369,1,356,6.929999999999999e-34,125.0,370,1.0027027027027027,<=>
7,BSU_00070,b2231,52.375,842,365,3,8,814,7,847,0.0,873.0,821,1.02557856272838,<=>
9,BSU_00090,b2508,55.761,486,210,3,5,487,3,486,4.059999999999999e-171,488.0,488,0.9959016393442623,<=>
18,BSU_00130,b0893,51.395,430,201,2,1,423,1,429,2.0899999999999994e-152,436.0,425,1.011764705882353,<=>
26,BSU_00180,b2559,44.231,156,87,0,5,160,9,164,8.710000000000001e-44,139.0,161,0.968944099378882,<=>
32,BSU_00200,b0471,40.566,106,59,2,2,107,4,105,1.47e-19,74.3,107,0.9906542056074766,<=>
33,BSU_00210,b0472,44.724,199,109,1,1,198,1,199,1.36e-60,185.0,198,1.005050505050505,<=>
43,BSU_00280,b1098,34.111999999999995,214,134,4,1,210,1,211,2.2e-34,119.0,212,1.009433962264151,<=>
48,BSU_00360,b3146,41.87,246,140,2,9,251,6,251,3.93e-62,195.0,292,0.8424657534246576,<=>
49,BSU_00380,b2114,29.037,706,430,18,1,664,1,677,1.4199999999999997e-89,290.0,664,1.0632530120481927,<=>
57,BSU_00390,b1100,39.535,258,151,2,1,255,2,257,5.319999999999999e-67,206.0,255,1.011764705882353,<=>
60,BSU_00420,b0051,32.342,269,170,3,19,287,8,264,2.1899999999999997e-41,141.0,292,0.9212328767123288,<=>
61,BSU_00460,b1208,30.147,272,168,8,1,265,1,257,1.2200000000000001e-26,102.0,289,0.9411764705882353,<=>
65,BSU_00480,b4243,49.218999999999994,128,62,1,1,125,1,128,5.44e-41,129.0,125,1.024,<=>
68,BSU_00500,b3730,42.982,456,246,6,7,456,9,456,2.1599999999999996e-119,353.0,456,1.0,<=>
72,BSU_00510,b1207,51.446999999999996,311,148,3,9,316,3,313,8.139999999999999e-111,321.0,317,0.9810725552050473,<=>
75,BSU_00530,b1204,36.559,186,116,2,3,186,5,190,8.009999999999999e-32,110.0,188,0.9893617021276596,<=>
76,BSU_00550,b1114,37.236999999999995,1093,624,19,26,1091,15,1072,0.0,714.0,1177,0.9286321155480034,<=>
94,BSU_00680,b0125,50.581,172,82,2,2,171,1,171,2.3999999999999995e-60,182.0,180,0.9555555555555556,<=>
96,BSU_00690,b3178,51.575,603,273,7,6,601,3,593,0.0,606.0,637,0.9466248037676609,<=>
100,BSU_00710,b3401,24.232,293,206,7,2,290,5,285,1.21e-18,80.9,291,1.006872852233677,<=>
104,BSU_00730,b2414,53.698,311,127,7,6,305,8,312,1.9499999999999997e-93,277.0,308,1.0097402597402598,<=>
109,BSU_00740,b1812,33.412,425,263,4,41,461,44,452,1.3699999999999997e-79,251.0,470,0.9042553191489362,<=>
113,BSU_00750,b3360,60.753,186,73,0,1,186,1,186,6.69e-91,261.0,194,0.9587628865979382,<=>
119,BSU_00770,b3177,43.243,259,139,3,27,278,17,274,2.8099999999999996e-66,205.0,285,0.9087719298245615,<=>
120,BSU_00780,b3058,28.947,114,80,1,1,114,1,113,7.379999999999999e-11,52.8,120,0.95,<=>
121,BSU_00790,b0142,47.761,134,69,1,4,136,3,136,3.2199999999999996e-34,115.0,167,0.8023952095808383,<=>
124,BSU_00810,b3260,39.498000000000005,319,188,5,2,318,1,316,7.599999999999998e-74,228.0,333,0.9579579579579579,<=>
127,BSU_00820,b4129,54.082,490,222,3,10,497,14,502,0.0,535.0,499,0.9819639278557114,<=>
133,BSU_00860,b2592,47.816,870,370,14,1,802,1,854,0.0,750.0,810,1.0740740740740742,<=>
136,BSU_00870,b4389,46.827,457,235,6,1,452,1,454,1.8499999999999995e-147,426.0,458,0.9978165938864629,<=>
137,BSU_00900,b2747,36.53,219,130,5,6,220,11,224,2.82e-38,130.0,232,0.9439655172413793,<=>
138,BSU_00910,b2746,63.056999999999995,157,58,0,2,158,1,157,1.61e-61,184.0,158,0.9936708860759493,<=>
139,BSU_00920,b2400,37.5,480,273,6,4,480,2,457,1.9999999999999997e-117,350.0,483,0.9937888198757764,<=>
146,BSU_00940,b0526,44.726000000000006,474,235,4,3,464,2,460,9.619999999999997e-138,401.0,466,1.0171673819742488,<=>
148,BSU_00960,b4180,44.498000000000005,209,108,3,41,245,39,243,6.66e-59,184.0,249,0.8393574297188755,<=>
156,BSU_00990,b3636,32.653,49,33,0,1,49,5,53,0.00011100000000000001,32.7,49,1.0,<=>
157,BSU_01010,b3982,44.068000000000005,177,95,2,2,176,6,180,4.06e-53,164.0,177,1.0,<=>
158,BSU_01020,b3983,67.60600000000001,142,45,1,1,141,1,142,1.6899999999999997e-66,195.0,141,1.0070921985815602,<=>
159,BSU_01030,b3984,51.303999999999995,230,112,0,1,230,1,230,9.999999999999998e-73,218.0,232,0.9913793103448276,<=>
160,BSU_01040,b3985,35.417,144,93,0,1,144,1,144,1.25e-27,98.6,166,0.8674698795180723,<=>
161,BSU_01050,b3986,54.472,123,54,1,1,123,1,121,6.6299999999999995e-28,96.3,123,1.0,<=>
170,BSU_01080,b3988,50.263999999999996,1138,487,10,7,1109,17,1110,0.0,1127.0,1199,0.9491242702251876,<=>
172,BSU_01100,b3342,67.883,137,31,1,1,137,1,124,5.45e-61,181.0,138,0.9927536231884058,<=>
173,BSU_01110,b3341,55.769,156,69,0,1,156,1,156,2.6199999999999995e-67,199.0,156,1.0,<=>
174,BSU_01120,b3340,61.571000000000005,700,256,5,1,687,1,700,0.0,853.0,692,1.0115606936416186,<=>
184,BSU_01130,b3980,76.904,394,89,2,1,394,1,392,0.0,608.0,396,0.9949494949494949,<=>
193,BSU_01150,b3321,63.725,102,37,0,1,102,1,102,7.179999999999998e-46,140.0,102,1.0,<=>
194,BSU_01160,b3320,50.725,207,100,2,4,208,3,209,8.409999999999998e-62,189.0,209,0.9904306220095693,<=>
195,BSU_01170,b3319,43.455,191,107,1,17,207,12,201,8.95e-51,160.0,207,0.9227053140096618,<=>
197,BSU_01190,b3317,59.854,274,107,3,1,274,1,271,1.1699999999999998e-113,325.0,277,0.9891696750902527,<=>
198,BSU_01200,b3316,68.675,83,26,0,1,83,1,83,4.35e-41,127.0,92,0.9021739130434783,<=>
199,BSU_01210,b3315,53.636,110,51,0,1,110,1,110,4.9899999999999995e-37,118.0,113,0.9734513274336283,<=>
200,BSU_01220,b3314,58.653999999999996,208,85,1,1,207,1,208,2.5699999999999997e-90,262.0,218,0.9541284403669725,<=>
201,BSU_01230,b3313,60.448,134,52,1,1,134,1,133,1.33e-53,162.0,144,0.9305555555555556,<=>
202,BSU_01240,b3312,40.0,60,36,0,1,60,1,60,1.6699999999999998e-09,45.8,66,0.9090909090909091,<=>
203,BSU_01250,b3311,55.696000000000005,79,35,0,8,86,6,84,4.82e-28,94.0,87,0.9080459770114943,<=>
204,BSU_01260,b3310,64.22800000000001,123,43,1,1,122,1,123,3.4200000000000004e-52,157.0,122,1.0081967213114753,<=>
205,BSU_01270,b3309,46.0,100,52,2,3,101,5,103,7.13e-25,87.4,103,0.970873786407767,<=>
206,BSU_01280,b3308,59.218,179,73,0,1,179,1,179,1.7699999999999996e-81,236.0,179,1.0,<=>
208,BSU_01300,b3306,48.855,131,65,2,1,131,1,129,1.77e-40,129.0,132,0.9924242424242424,<=>
209,BSU_01310,b3305,48.864,176,89,1,1,176,1,175,1.1599999999999998e-53,166.0,179,0.9832402234636871,<=>
211,BSU_01330,b3303,54.818999999999996,166,75,0,1,166,1,166,6.56e-60,181.0,166,1.0,<=>
212,BSU_01340,b3302,50.847,59,28,1,1,58,1,59,1.89e-12,52.8,59,1.0,<=>
213,BSU_01350,b3301,47.222,144,75,1,1,144,1,143,1.94e-34,114.0,146,0.9863013698630136,<=>
214,BSU_01360,b3300,41.492,429,234,7,11,431,16,435,6.469999999999998e-90,276.0,431,0.9953596287703016,<=>
215,BSU_01370,b0474,47.248000000000005,218,106,2,1,213,1,214,3.4599999999999994e-67,202.0,217,1.0046082949308757,<=>
216,BSU_01380,b0168,46.31100000000001,244,129,2,5,246,6,249,5.429999999999999e-76,228.0,248,0.9838709677419355,<=>
220,BSU_01390,b0884,68.056,72,23,0,1,72,1,72,2.44e-35,111.0,72,1.0,<=>
221,BSU_01400,b3299,57.895,38,15,1,1,37,1,38,6.400000000000001e-10,45.1,37,1.027027027027027,<=>
223,BSU_01410,b3298,56.034,116,51,0,1,116,1,116,1.0399999999999998e-47,146.0,121,0.9586776859504132,<=>
224,BSU_01420,b3297,66.116,121,41,0,11,131,9,129,9.239999999999999e-59,175.0,131,0.9236641221374046,<=>
225,BSU_01430,b3295,45.833,312,161,4,3,310,7,314,7.619999999999999e-87,261.0,314,0.9936305732484076,<=>
226,BSU_01440,b3294,47.5,120,53,2,2,120,6,116,1.7200000000000001e-28,97.8,120,1.0,<=>
418,BSU_01480,b2318,37.247,247,151,3,2,247,11,254,7.909999999999999e-49,159.0,247,1.0,<=>
419,BSU_01490,b3231,58.571000000000005,140,58,0,4,143,3,142,1.64e-59,178.0,145,0.9655172413793104,<=>
420,BSU_01500,b3230,55.385,130,58,0,1,130,1,130,3.06e-47,145.0,130,1.0,<=>
424,BSU_01540,b2113,32.764,351,211,7,11,351,21,356,9.39e-54,178.0,352,0.9971590909090909,<=>
466,BSU_01670,b2430,53.483000000000004,402,187,0,40,441,31,432,2.4699999999999996e-168,477.0,441,0.9115646258503401,<=>
468,BSU_01680,b2429,38.316,475,261,13,1,448,1,470,1.9899999999999997e-80,254.0,455,1.043956043956044,<=>
477,BSU_01690,b1853,31.206,282,182,2,6,282,4,278,4.3799999999999995e-33,119.0,283,0.9964664310954063,<=>
483,BSU_01700,b2428,47.635,296,155,0,5,300,1,296,1.8099999999999998e-101,296.0,304,0.9736842105263158,<=>
484,BSU_01730,b2573,36.611999999999995,183,107,4,9,187,11,188,1.7000000000000001e-29,104.0,187,0.9786096256684492,<=>
486,BSU_01770,b3176,45.393,445,234,6,3,443,5,444,1.5499999999999998e-120,356.0,448,0.9933035714285714,<=>
489,BSU_01780,b3729,40.783,613,346,12,1,600,1,609,2.2199999999999994e-144,428.0,600,1.0216666666666667,<=>
492,BSU_01800,b2068,25.175,286,187,7,18,299,10,272,1.09e-19,84.0,303,0.9438943894389439,<=>
655,BSU_02060,b3795,62.555,454,167,2,3,453,4,457,0.0,577.0,462,0.9826839826839827,<=>
690,BSU_02140,b2240,60.497,443,174,1,1,443,1,442,0.0,572.0,444,0.9977477477477478,<=>
704,BSU_02170,b3547,24.438000000000002,356,232,13,59,403,61,390,8.400000000000001e-10,57.0,416,0.8557692307692307,<=>
709,BSU_02210,b3184,30.576,278,152,12,4,260,3,260,3.02e-12,63.2,306,0.9084967320261438,<=>
727,BSU_02230,b1849,56.614,378,163,1,4,381,12,388,8.139999999999997e-152,431.0,384,0.984375,<=>
752,BSU_02330,b1055,33.218,289,178,7,7,287,26,307,5.0799999999999996e-48,161.0,322,0.8975155279503105,<=>
756,BSU_02350,b0679,42.247,632,333,10,9,622,7,624,2.1299999999999995e-148,441.0,631,1.0015847860538827,<=>
785,BSU_02400,b0260,63.913000000000004,460,162,2,6,462,4,462,0.0,610.0,470,0.9787234042553191,<=>
798,BSU_02410,b0261,52.273,308,141,4,2,307,5,308,3.92e-111,322.0,315,0.9777777777777777,<=>
800,BSU_02420,b0007,43.843999999999994,463,228,11,13,453,9,461,2.9199999999999995e-116,347.0,478,0.9686192468619247,<=>
847,BSU_02480,b2789,65.589,433,147,1,13,443,13,445,0.0,587.0,455,0.9516483516483516,<=>
864,BSU_02490,b2787,72.665,439,119,1,18,455,8,446,0.0,690.0,455,0.9648351648351648,<=>
880,BSU_02510,b3128,68.235,510,151,2,12,510,14,523,0.0,720.0,510,1.0,<=>
1029,BSU_02640,b3839,33.333,249,158,4,1,241,1,249,1.56e-33,119.0,242,1.0289256198347108,<=>
1044,BSU_02690,b2957,54.407,329,144,4,50,375,23,348,5.819999999999999e-103,305.0,375,0.8773333333333333,<=>
1162,BSU_02830,b2902,39.344,244,143,5,10,249,4,246,1.84e-48,157.0,258,0.9457364341085271,<=>
1281,BSU_02870,b1859,30.258000000000003,271,176,3,6,274,2,261,4.6399999999999995e-28,105.0,280,0.9678571428571429,<=>
1287,BSU_02950,b4279,27.068,399,271,6,3,393,7,393,4.2100000000000005e-33,125.0,400,0.9975,<=>
1329,BSU_02980,b2677,50.513000000000005,390,189,1,8,393,3,392,4.049999999999999e-134,388.0,418,0.9330143540669856,<=>
1431,BSU_03020,b2298,29.783,507,300,15,7,472,6,497,6.34e-55,188.0,477,1.0628930817610063,<=>
1483,BSU_03130,b1740,54.181999999999995,275,122,3,1,272,1,274,8.44e-102,295.0,272,1.0110294117647058,<=>
1484,BSU_03150,b3390,34.32,169,106,4,12,177,5,171,4.6700000000000004e-24,90.1,186,0.9086021505376344,<=>
1540,BSU_03220,b1015,54.255,470,210,2,1,466,18,486,2.129999999999999e-168,481.0,473,0.9936575052854123,<=>
1556,BSU_03290,b2540,26.316,95,64,5,13,104,8,99,0.000692,33.5,106,0.8962264150943396,<=>
1558,BSU_03300,b3365,36.25,800,472,17,1,778,1,784,4.999999999999999e-150,457.0,805,0.9937888198757764,<=>
1600,BSU_03360,b4352,27.105,380,192,13,1,366,1,309,4.0999999999999994e-24,98.6,397,0.9571788413098237,<=>
1629,BSU_03460,b4196,32.536,209,138,3,3,209,6,213,2.04e-25,95.9,210,0.9952380952380953,<=>
1699,BSU_03560,b1439,29.351,385,241,6,1,357,1,382,1.25e-39,145.0,444,0.8671171171171171,<=>
1801,BSU_03600,b1918,52.195,205,97,1,26,230,13,216,4.579999999999998e-71,214.0,234,0.8760683760683761,<=>
1811,BSU_03610,b1920,38.376,271,151,8,2,268,8,266,3.95e-49,160.0,268,1.0111940298507462,<=>
1848,BSU_03630,b2311,52.688,186,85,2,14,196,3,188,1.7999999999999997e-65,197.0,204,0.9117647058823529,<=>
1849,BSU_03640,b3843,30.753,478,297,11,1,454,4,471,5.0299999999999996e-58,196.0,473,1.0105708245243128,<=>
1855,BSU_03670,b0709,30.750999999999998,413,262,8,21,423,7,405,2.4199999999999997e-55,189.0,492,0.8394308943089431,<=>
2136,BSU_03870,b1518,33.333,78,52,0,8,85,8,85,8.37e-10,48.5,95,0.8210526315789474,<=>
2143,BSU_03900,b1302,45.902,427,223,3,8,434,1,419,7.959999999999998e-127,370.0,436,0.9793577981651376,<=>
2149,BSU_03910,b2661,51.522,460,220,1,3,462,26,482,2.0099999999999994e-176,500.0,462,0.9956709956709957,<=>
2198,BSU_03990,b3600,47.153999999999996,369,184,6,1,360,1,367,6.079999999999999e-109,321.0,373,0.9892761394101877,<=>
2203,BSU_04000,b1800,52.528,356,158,6,3,348,2,356,6.439999999999998e-132,378.0,354,1.0056497175141244,<=>
2218,BSU_04050,b0713,52.61,249,113,1,2,250,1,244,2.1399999999999995e-89,262.0,257,0.9688715953307393,<=>
2221,BSU_04090,b0712,36.446,332,187,3,1,332,2,309,4.3999999999999995e-62,197.0,335,0.991044776119403,<=>
2232,BSU_04150,b1647,50.831,301,143,3,1,300,2,298,4.6799999999999984e-104,303.0,300,1.0033333333333334,<=>
2271,BSU_04210,b1427,29.31,174,116,2,3,173,4,173,3.03e-18,75.1,183,0.9508196721311475,<=>
2277,BSU_04260,b1763,33.387,617,379,11,5,599,3,609,1.2399999999999998e-107,338.0,727,0.8486932599724897,<=>
2298,BSU_04340,b0871,37.173,573,346,5,4,569,3,568,7.74e-120,363.0,574,0.9982578397212544,<=>
2304,BSU_04360,b2392,50.761,394,189,3,31,423,19,408,3.619999999999999e-134,389.0,425,0.9270588235294117,<=>
2354,BSU_04470,b3528,56.618,408,172,3,2,406,4,409,7.619999999999997e-161,457.0,421,0.9691211401425178,<=>
2458,BSU_04560,b0381,43.443000000000005,366,185,6,1,354,9,364,8.429999999999998e-99,294.0,354,1.0338983050847457,<=>
2462,BSU_04570,b0086,34.698,464,278,11,1,454,1,449,1.3299999999999998e-65,214.0,457,1.0153172866520788,<=>
2474,BSU_04620,b2563,38.4,125,66,3,2,117,3,125,2.2200000000000002e-21,79.7,121,1.0330578512396693,<=>
2475,BSU_04640,b1190,34.89,364,218,12,8,366,3,352,2.14e-48,165.0,389,0.9357326478149101,<=>
2485,BSU_04780,b3407,43.213,722,383,10,11,717,10,719,0.0,565.0,719,1.004172461752434,<=>
2493,BSU_04820,b1570,26.4,125,89,2,1,125,6,127,8.179999999999999e-08,45.1,127,0.984251968503937,<=>
2514,BSU_05120,b3556,72.131,61,16,1,4,63,7,67,2.2199999999999997e-27,91.3,66,0.9242424242424242,<=>
2527,BSU_05150,b1735,25.461,271,157,11,32,288,34,273,8.99e-13,63.9,291,0.9312714776632303,<=>
2541,BSU_05160,b3660,32.492,317,199,6,5,318,3,307,1.96e-45,154.0,319,0.9937304075235109,<=>
2567,BSU_05240,b4340,28.198,383,243,13,16,374,4,378,7.489999999999999e-30,118.0,463,0.8272138228941684,<=>
2574,BSU_05300,b3351,40.223,179,106,1,5,183,7,184,6.43e-40,131.0,197,0.9086294416243654,<=>
2584,BSU_05340,b3502,59.145,421,172,0,4,424,1,421,2.869999999999999e-169,479.0,435,0.967816091954023,<=>
2648,BSU_05480,b1008,25.424,177,110,7,22,193,27,186,6.58e-11,56.2,206,0.8592233009708737,<=>
2801,BSU_05620,b4208,54.425,452,199,3,12,456,16,467,0.0,511.0,458,0.9868995633187773,<=>
2823,BSU_05680,b2182,31.978,369,248,2,8,375,6,372,6.61e-57,189.0,402,0.917910447761194,<=>
2839,BSU_05700,b1450,29.441999999999997,197,129,5,14,205,14,205,1.26e-16,72.8,224,0.8794642857142857,<=>
2868,BSU_05850,b3684,29.358,218,147,3,4,219,3,215,1.59e-31,113.0,237,0.919831223628692,<=>
2882,BSU_05900,b0417,37.385999999999996,329,188,11,3,324,5,322,2.0399999999999996e-53,175.0,325,1.0123076923076924,<=>
2885,BSU_05910,b4168,37.333,150,88,3,7,151,4,152,6.59e-24,88.6,158,0.9493670886075949,<=>
2888,BSU_05930,b4373,32.431999999999995,148,92,3,7,150,4,147,5.2e-23,85.9,151,0.9801324503311258,<=>
2890,BSU_05940,b3064,44.828,319,171,4,7,323,1,316,6.189999999999999e-95,283.0,346,0.9219653179190751,<=>
3033,BSU_05960,b0783,51.25,160,76,1,1,160,1,158,2.1299999999999997e-50,156.0,170,0.9411764705882353,<=>
3036,BSU_06020,b4142,46.236999999999995,93,49,1,2,93,3,95,3.71e-21,77.4,94,0.9893617021276596,<=>
3037,BSU_06030,b4143,61.597,526,200,2,2,525,3,528,0.0,640.0,544,0.9669117647058824,<=>
3044,BSU_06150,b1774,41.498999999999995,347,179,5,12,346,6,340,2.8e-85,259.0,353,0.9830028328611898,<=>
3074,BSU_06180,b1304,29.075,227,153,4,1,226,1,220,1.04e-13,65.1,227,1.0,<=>
3107,BSU_06300,b0123,24.68,547,290,21,10,503,34,511,8.39e-34,131.0,513,1.0662768031189085,<=>
3109,BSU_06310,b2663,49.011,455,227,4,1,451,1,454,1.8399999999999997e-145,421.0,469,0.9701492537313433,<=>
3125,BSU_06360,b2507,52.326,516,235,2,9,513,10,525,0.0,559.0,513,1.0058479532163742,<=>
3133,BSU_06420,b0523,62.581,155,58,0,5,159,10,164,1.09e-53,165.0,162,0.9567901234567902,<=>
3134,BSU_06430,b0522,31.214000000000002,346,207,10,12,355,4,320,2.5e-42,148.0,380,0.9105263157894737,<=>
3140,BSU_06450,b2476,43.42100000000001,228,128,1,9,236,7,233,1.4499999999999998e-64,198.0,241,0.946058091286307,<=>
3143,BSU_06490,b2312,40.552,471,254,11,12,459,2,469,9.389999999999997e-106,321.0,476,0.9894957983193278,<=>
3146,BSU_06500,b2499,51.94,335,158,3,2,336,6,337,5.729999999999999e-121,349.0,346,0.9682080924855492,<=>
3147,BSU_06510,b2500,31.461,178,122,0,6,183,5,182,6.26e-34,117.0,195,0.9128205128205128,<=>
3151,BSU_06520,b4006,52.19,525,234,6,3,512,7,529,0.0,546.0,512,1.025390625,<=>
3152,BSU_06530,b4005,53.132,431,191,6,1,422,1,429,1.4399999999999996e-148,426.0,422,1.0213270142180095,<=>
3155,BSU_06540,b3743,33.813,139,85,3,1,132,6,144,6.530000000000001e-12,56.6,139,1.0,<=>
3156,BSU_06550,b4141,27.404,416,285,10,5,413,4,409,1.4699999999999999e-26,107.0,424,0.9811320754716981,<=>
3173,BSU_06610,b3778,41.385,650,367,10,12,654,3,645,1.9099999999999993e-146,441.0,739,0.8795669824086604,<=>
3177,BSU_06620,b2411,49.701,668,325,6,4,663,2,666,0.0,645.0,668,1.0,<=>
3180,BSU_06650,b3508,27.726999999999997,220,150,4,9,228,3,213,1e-26,99.8,232,0.9482758620689655,<=>
3192,BSU_06710,b2075,26.901999999999997,1078,701,25,7,1052,16,1038,8.88e-85,293.0,1052,1.0247148288973384,<=>
3202,BSU_06720,b2086,33.708,267,165,7,12,273,12,271,4.9499999999999995e-37,131.0,303,0.8811881188118812,<=>
3203,BSU_06730,b2785,31.839000000000002,446,266,12,15,456,19,430,8.029999999999998e-67,217.0,459,0.971677559912854,<=>
3209,BSU_06840,b1983,59.574,235,95,0,1,235,1,235,6.029999999999999e-99,285.0,239,0.9832635983263598,<=>
3211,BSU_06860,b1111,26.041999999999998,192,136,3,2,190,14,202,6.7e-16,70.1,194,0.9896907216494846,<=>
3213,BSU_06880,b4211,22.886999999999997,284,191,9,7,271,2,276,1.7e-05,42.4,286,0.993006993006993,<=>
3252,BSU_06970,b1310,23.276,348,221,14,1,328,1,322,9.83e-06,44.3,427,0.8149882903981265,<=>
3253,BSU_06980,b3452,30.164,305,195,10,9,305,1,295,1.1e-32,119.0,309,0.9870550161812298,<=>
3257,BSU_06990,b3451,28.148000000000003,270,181,6,31,290,10,276,2.8800000000000002e-27,104.0,296,0.9121621621621622,<=>
3293,BSU_07200,b0970,29.213,178,118,4,41,213,45,219,6.37e-08,48.1,214,0.8317757009345794,<=>
3320,BSU_07320,b0479,43.782,386,214,1,18,403,22,404,5.1199999999999985e-101,303.0,409,0.9437652811735942,<=>
3322,BSU_07330,b4374,28.444000000000003,225,157,2,3,227,2,222,7.96e-31,110.0,235,0.9574468085106383,<=>
3325,BSU_07340,b3370,27.409000000000002,467,287,14,19,460,3,442,9.460000000000001e-26,106.0,461,1.0130151843817787,<=>
3363,BSU_07370,b4391,35.701,521,326,5,16,531,19,535,2.8499999999999995e-110,340.0,629,0.8282988871224165,<=>
3510,BSU_07390,b3292,28.689,122,71,3,5,126,3,108,1.1199999999999999e-09,50.4,140,0.8714285714285714,<=>
3668,BSU_07450,b1449,47.59,332,167,5,10,336,13,342,5.57e-105,308.0,339,0.9793510324483776,<=>
3767,BSU_07500,b4288,44.518,301,164,2,26,326,17,314,4.049999999999999e-80,244.0,333,0.9039039039039038,<=>
3781,BSU_07520,b4290,38.095,273,165,3,45,315,24,294,3.4199999999999994e-67,209.0,315,0.8666666666666667,<=>
3784,BSU_07570,b0770,39.957,468,272,4,18,478,9,474,5.949999999999998e-116,346.0,478,0.9790794979079498,<=>
3789,BSU_07580,b0619,29.295,553,355,15,4,535,14,551,1.8200000000000003e-58,201.0,542,1.0202952029520296,<=>
3826,BSU_07640,b0968,42.667,75,43,0,8,82,10,84,2.49e-15,62.4,91,0.8241758241758241,<=>
3828,BSU_07650,b3910,42.632,190,105,3,28,214,21,209,1.36e-45,148.0,221,0.8597285067873304,<=>
3842,BSU_07735,b3293,31.092,119,77,2,8,125,8,122,1.83e-12,57.0,130,0.9153846153846154,<=>
3844,BSU_07800,b4240,42.198,455,240,8,1,446,2,442,1.0199999999999996e-117,350.0,470,0.9680851063829787,<=>
3852,BSU_07810,b4239,55.776,554,223,6,8,553,7,546,0.0,632.0,561,0.9875222816399287,<=>
3865,BSU_07830,b0578,29.954,217,113,8,15,211,10,207,2.57e-18,77.4,221,0.9819004524886877,<=>
3870,BSU_07850,b3153,64.118,170,61,0,1,170,1,170,5.629999999999999e-78,227.0,172,0.9883720930232558,<=>
3872,BSU_07860,b1690,35.644,404,243,4,1,396,1,395,1.0299999999999998e-72,230.0,396,1.02020202020202,<=>
3919,BSU_08100,b1201,25.665,639,389,12,29,603,16,632,3.779999999999999e-51,184.0,605,1.056198347107438,<=>
3923,BSU_08120,b1582,41.748000000000005,103,59,1,2,104,1,102,1.57e-16,66.6,109,0.944954128440367,<=>
4118,BSU_08250,b3906,23.413,252,179,3,44,289,34,277,9.29e-15,70.1,314,0.802547770700637,<=>
4181,BSU_08310,b0127,35.525999999999996,304,186,3,2,304,5,299,2.42e-58,187.0,311,0.977491961414791,<=>
4277,BSU_08330,b0793,23.160999999999998,367,238,12,2,355,9,344,5.5e-18,81.6,385,0.9532467532467532,<=>
4319,BSU_08450,b0590,40.273,293,174,1,40,332,40,331,1.3699999999999997e-57,186.0,333,0.8798798798798799,<=>
4333,BSU_08470,b1464,35.764,288,172,8,5,284,4,286,4.75e-47,157.0,293,0.9829351535836177,<=>
4334,BSU_08480,b1765,23.313000000000002,163,119,5,15,175,5,163,1.15e-12,60.8,194,0.8402061855670103,<=>
4335,BSU_08510,b2304,36.455,299,185,5,1,297,1,296,5.3099999999999996e-58,185.0,303,0.9867986798679867,<=>
4355,BSU_08630,b2961,37.742,310,175,7,15,319,5,301,4.429999999999999e-64,205.0,369,0.8401084010840109,<=>
4478,BSU_08720,b2480,39.735,151,91,0,3,153,4,154,9.509999999999999e-37,121.0,157,0.9617834394904459,<=>
4482,BSU_08790,b3994,66.558,613,155,7,15,589,25,625,0.0,847.0,590,1.0389830508474576,<=>
4484,BSU_08830,b0366,42.373000000000005,236,124,4,22,245,17,252,5.119999999999999e-64,197.0,255,0.9254901960784314,<=>
4578,BSU_08840,b0936,32.394,284,186,4,33,314,29,308,6.019999999999999e-47,158.0,332,0.8554216867469879,<=>
4580,BSU_08850,b0934,48.963,241,123,0,35,275,17,257,1.4199999999999997e-70,215.0,276,0.8731884057971014,<=>
4585,BSU_08860,b0935,64.0,375,133,1,1,373,3,377,1.2599999999999996e-179,501.0,376,0.9973404255319149,<=>
4587,BSU_08880,b3307,47.525,101,41,2,1,89,1,101,1.93e-24,85.5,89,1.1348314606741574,<=>
4590,BSU_08910,b4166,29.213,356,225,8,1,342,5,347,4.61e-51,172.0,386,0.9222797927461139,<=>
4591,BSU_08930,b3606,45.395,152,79,2,6,156,2,150,2.0899999999999996e-43,138.0,160,0.95,<=>
4594,BSU_08970,b1783,33.841,591,339,24,61,624,71,636,4.419999999999999e-87,281.0,631,0.936608557844691,<=>
4595,BSU_08980,b1784,25.061,411,261,7,21,385,14,423,3.21e-36,134.0,392,1.0484693877551021,<=>
4596,BSU_08990,b1530,28.986,138,81,6,11,136,8,140,4.34e-11,54.7,154,0.8961038961038961,<=>
4605,BSU_09010,b2367,28.44,436,301,7,17,445,21,452,9.94e-50,176.0,532,0.8195488721804511,<=>
4618,BSU_09020,b1004,32.461,191,100,4,2,166,3,190,6.5099999999999996e-24,90.1,176,1.0852272727272727,<=>
4811,BSU_09100,b0623,68.25399999999999,63,19,1,2,63,4,66,1.02e-24,84.3,67,0.9402985074626866,<=>
4836,BSU_09130,b1729,50.756,463,217,4,6,463,5,461,1.1699999999999997e-140,409.0,463,1.0,<=>
4846,BSU_09240,b1727,30.493000000000002,223,124,6,2,207,7,215,2.54e-21,85.5,220,1.0136363636363637,<=>
4861,BSU_09270,b2768,28.108,185,133,0,4,188,7,191,6.78e-32,111.0,192,0.9635416666666666,<=>
4862,BSU_09280,b3927,37.066,259,139,11,7,246,14,267,1.3199999999999999e-31,115.0,274,0.9452554744525548,<=>
4864,BSU_09290,b3926,62.272,493,186,0,4,496,6,498,0.0,671.0,496,0.9939516129032258,<=>
4871,BSU_09300,b3426,30.621,467,293,14,46,503,27,471,1.33e-49,176.0,555,0.8414414414414414,<=>
4873,BSU_09310,b0688,25.612,531,317,22,42,546,40,518,3.14e-18,84.7,581,0.9139414802065404,<=>
4879,BSU_09330,b1221,38.308,201,123,1,3,202,9,209,1.36e-33,117.0,214,0.9392523364485982,<=>
4924,BSU_09380,b4178,42.254,142,78,2,1,142,1,138,7.73e-39,125.0,146,0.9726027397260274,<=>
4926,BSU_09400,b1188,30.041999999999998,476,292,17,13,454,29,497,9.49e-56,190.0,468,1.017094017094017,<=>
4927,BSU_09410,b0383,31.956999999999997,460,187,15,50,448,65,459,1.12e-46,165.0,461,0.9978308026030369,<=>
5013,BSU_09530,b1771,39.073,302,165,7,1,287,1,298,3.9e-58,187.0,331,0.9123867069486404,<=>
5029,BSU_09570,b0600,28.736,348,205,13,36,361,29,355,1.7100000000000002e-28,112.0,393,0.8854961832061069,<=>
5039,BSU_09590,b4461,26.555,418,279,7,18,429,21,416,1.97e-40,147.0,461,0.9067245119305857,<=>
5045,BSU_09610,b0624,37.383,107,63,3,1,103,2,108,1.6099999999999999e-10,52.0,131,0.816793893129771,<=>
5046,BSU_09620,b3449,30.962,239,151,5,3,234,9,240,1.9799999999999997e-37,129.0,243,0.9835390946502057,<=>
5053,BSU_09650,b1120,33.628,226,129,6,10,228,39,250,1.2199999999999998e-27,104.0,247,0.9149797570850202,<=>
5056,BSU_09710,b0448,41.217,575,337,1,4,578,3,576,3.5299999999999983e-160,468.0,585,0.9829059829059829,<=>
5355,BSU_10020,b0907,43.407,364,197,5,1,358,1,361,5.009999999999999e-99,295.0,359,1.0139275766016713,<=>
5448,BSU_10070,b1338,26.984,441,255,12,8,393,2,430,3.72e-28,112.0,396,1.1136363636363635,<=>
5456,BSU_10120,b3997,39.542,349,204,4,5,346,3,351,5.35e-81,248.0,353,0.9886685552407932,<=>
5459,BSU_10150,b0464,27.691999999999997,195,123,7,6,185,13,204,3.8200000000000005e-09,51.2,191,1.0209424083769634,<=>
5467,BSU_10220,b4077,54.286,420,184,3,1,412,1,420,7.159999999999997e-161,457.0,429,0.9790209790209791,<=>
5472,BSU_10250,b4386,34.069,317,180,6,11,312,13,315,1.55e-57,186.0,331,0.9577039274924471,<=>
5475,BSU_10270,b1805,39.961999999999996,533,290,11,2,509,24,551,3.0899999999999993e-114,346.0,513,1.0389863547758285,<=>
5488,BSU_10320,b3253,47.239,326,169,2,5,330,1,323,4.0199999999999983e-100,295.0,330,0.9878787878787879,<=>
5494,BSU_10340,b4395,31.217,189,118,2,1,177,1,189,9.38e-25,93.6,193,0.9792746113989638,<=>
5534,BSU_10430,b3003,64.384,292,101,1,4,295,2,290,1.6399999999999995e-139,392.0,299,0.9765886287625418,<=>
5555,BSU_10480,b1750,27.835,194,134,4,13,201,35,227,5.31e-07,45.4,207,0.9371980676328503,<=>
5588,BSU_10570,b0715,25.656,343,227,7,44,374,21,347,5.47e-10,57.0,384,0.8932291666666666,<=>
5596,BSU_10590,b0069,24.913,574,375,18,15,574,16,547,6.21e-37,141.0,575,0.9982608695652174,<=>
5614,BSU_10640,b0398,30.275,327,205,9,1,314,1,317,1.6600000000000003e-35,131.0,391,0.8363171355498721,<=>
5620,BSU_10820,b1985,26.923000000000002,442,296,10,27,452,100,530,2.39e-44,160.0,455,0.9714285714285714,<=>
5622,BSU_10830,b0064,25.096999999999998,259,169,10,35,287,46,285,1.43e-14,69.3,287,0.9024390243902439,<=>
5636,BSU_10840,b1658,33.434,332,217,3,4,333,3,332,1.0800000000000001e-57,187.0,337,0.9851632047477745,<=>
5656,BSU_10870,b2923,31.936999999999998,191,119,4,23,207,7,192,1.4400000000000002e-13,64.3,220,0.8681818181818182,<=>
5674,BSU_10900,b0349,28.309,272,157,11,16,265,29,284,9.050000000000001e-16,72.4,268,1.0149253731343284,<=>
5696,BSU_11020,b0426,42.5,160,90,1,6,163,3,162,1.56e-37,123.0,163,0.9815950920245399,<=>
5704,BSU_11150,b4190,31.905,210,129,3,1,205,1,201,1.0599999999999998e-31,114.0,255,0.8235294117647058,<=>
5708,BSU_11190,b3958,37.758,339,195,7,5,338,6,333,1.8499999999999997e-64,204.0,345,0.9826086956521739,<=>
5709,BSU_11210,b3959,36.283,226,138,5,1,222,1,224,1.17e-30,112.0,258,0.875968992248062,<=>
5711,BSU_11220,b3359,41.287,373,207,4,17,378,30,401,6.849999999999998e-95,286.0,385,0.9688311688311688,<=>
5725,BSU_11250,b4254,38.507,335,175,9,7,312,2,334,4.749999999999999e-66,207.0,319,1.0501567398119123,<=>
5729,BSU_11330,b1091,44.025,318,169,3,1,310,1,317,5.669999999999999e-90,268.0,312,1.0192307692307692,<=>
5730,BSU_11340,b1095,54.126000000000005,412,187,2,1,410,1,412,3.639999999999999e-146,419.0,413,0.9975786924939467,<=>
5935,BSU_11390,b0831,40.125,319,174,4,1,316,1,305,5.71e-77,234.0,316,1.009493670886076,<=>
5943,BSU_11400,b3542,45.993,287,143,4,22,300,15,297,1.59e-64,202.0,303,0.9471947194719472,<=>
5950,BSU_11420,b3384,54.878,328,144,3,2,325,3,330,6.619999999999998e-127,363.0,330,0.9939393939393939,<=>
5951,BSU_11430,b1329,34.525999999999996,559,326,14,1,544,1,534,3.52e-89,281.0,545,1.0256880733944953,<=>
5961,BSU_11440,b1244,51.475,305,146,1,1,303,1,305,4.709999999999999e-107,311.0,311,0.9807073954983923,<=>
5971,BSU_11450,b1245,46.181000000000004,288,153,1,19,304,15,302,1.7199999999999996e-81,246.0,305,0.9442622950819672,<=>
5980,BSU_11460,b1246,52.632,304,140,4,7,310,19,318,3.429999999999999e-106,312.0,358,0.8491620111731844,<=>
6188,BSU_11630,b1838,25.581,215,131,9,8,218,24,213,2.1100000000000004e-09,53.1,244,0.8811475409836066,<=>
6196,BSU_11690,b3991,48.413000000000004,252,129,1,3,254,1,251,3.0499999999999994e-76,229.0,256,0.984375,<=>
6200,BSU_11710,b2103,41.912,272,136,5,1,260,1,262,5.509999999999999e-60,188.0,271,1.003690036900369,<=>
6203,BSU_11720,b1288,51.55,258,121,3,1,257,1,255,1.83e-88,260.0,258,1.0,<=>
6226,BSU_11890,b1066,30.0,170,119,0,9,178,20,189,1.0800000000000001e-27,100.0,181,0.9392265193370166,<=>
6271,BSU_12060,b0481,44.805,154,82,2,8,158,2,155,5.02e-34,114.0,159,0.9685534591194969,<=>
6272,BSU_12080,b0428,40.972,288,159,5,35,321,5,282,3.879999999999999e-68,212.0,329,0.8753799392097265,<=>
6294,BSU_12240,b0491,39.184,245,143,2,5,246,10,251,1.03e-54,174.0,250,0.98,<=>
6388,BSU_12290,b1109,29.38,371,241,6,27,381,31,396,8.640000000000001e-41,146.0,392,0.9464285714285714,<=>
6391,BSU_12300,b3092,52.137,468,223,1,1,467,1,468,0.0,515.0,473,0.9894291754756871,<=>
6392,BSU_12310,b3876,37.303000000000004,445,273,2,17,458,10,451,3.1999999999999995e-111,333.0,459,0.9694989106753813,<=>
6398,BSU_12320,b0517,40.541,333,198,0,4,336,1,333,2.5399999999999993e-89,268.0,337,0.9881305637982196,<=>
6401,BSU_12330,b1580,39.589,341,201,3,1,339,1,338,3.529999999999999e-81,248.0,339,1.0058997050147493,<=>
6417,BSU_12340,b4322,36.364000000000004,385,203,9,1,345,1,383,4.009999999999999e-74,232.0,359,1.0724233983286908,<=>
6458,BSU_12370,b2837,33.108000000000004,296,189,4,1,291,1,292,2.36e-45,155.0,333,0.8888888888888888,<=>
6469,BSU_12380,b1521,44.215,484,258,6,1,473,1,483,1.2899999999999998e-142,415.0,480,1.0083333333333333,<=>
6474,BSU_12390,b3091,59.312,494,200,1,4,497,3,495,0.0,622.0,497,0.993963782696177,<=>
6512,BSU_12890,b2351,41.254,303,178,0,5,307,1,303,3.2199999999999996e-83,251.0,323,0.9380804953560371,<=>
6639,BSU_12970,b1192,29.964000000000002,277,184,5,41,311,26,298,4.48e-34,124.0,319,0.8683385579937304,<=>
6641,BSU_12980,b4478,24.688000000000002,320,189,10,1,297,1,291,1.22e-14,71.2,366,0.8743169398907104,<=>
6648,BSU_13000,b1247,56.63399999999999,309,126,2,6,306,11,319,1.5599999999999995e-124,357.0,329,0.939209726443769,<=>
6745,BSU_13040,b2552,40.609,394,229,3,1,391,1,392,8.319999999999999e-100,299.0,399,0.9874686716791979,<=>
6756,BSU_13110,b1232,45.255,274,144,4,26,299,13,280,1.5199999999999998e-80,242.0,300,0.9133333333333333,<=>
6759,BSU_13120,b0242,39.835,364,212,4,4,362,5,366,8.139999999999999e-85,259.0,365,0.9972602739726028,<=>
6760,BSU_13130,b0243,46.078,408,216,2,11,414,9,416,3.809999999999999e-121,355.0,415,0.983132530120482,<=>
6765,BSU_13160,b1482,29.839000000000002,124,83,2,16,136,20,142,1.18e-11,55.5,136,0.9117647058823529,<=>
6768,BSU_13180,b3829,46.193999999999996,762,389,11,3,755,2,751,0.0,630.0,762,1.0,<=>
6769,BSU_13220,b0829,28.066999999999997,538,331,21,6,497,11,538,2.33e-42,157.0,547,0.9835466179159049,<=>
6931,BSU_13250,b1969,42.534,221,122,2,6,226,3,218,4.46e-58,180.0,228,0.9692982456140351,<=>
7031,BSU_13490,b1829,44.224,303,139,8,4,295,3,286,2.3999999999999995e-78,237.0,298,1.016778523489933,<=>
7061,BSU_13570,b0219,33.333,252,157,8,5,253,6,249,3.57e-39,134.0,259,0.972972972972973,<=>
7062,BSU_13580,b2379,38.196,377,224,3,9,379,13,386,1.4199999999999995e-92,281.0,398,0.9472361809045227,<=>
7093,BSU_13670,b1642,25.185,135,97,2,12,145,12,143,7.67e-06,40.4,145,0.9310344827586207,<=>
7099,BSU_13690,b1890,27.178,287,184,6,6,269,4,288,1.27e-20,86.3,270,1.0629629629629629,<=>
7105,BSU_13720,b0444,57.407,216,88,2,4,215,2,217,1.1999999999999996e-91,265.0,219,0.9863013698630136,<=>
7106,BSU_13730,b2765,34.109,129,69,4,17,141,3,119,2.67e-17,70.1,149,0.8657718120805369,<=>
7169,BSU_13910,b2416,49.47,566,284,1,4,567,2,567,0.0,545.0,570,0.9929824561403509,<=>
7181,BSU_13960,b3125,38.662,269,165,0,5,273,3,271,4.3399999999999996e-61,192.0,288,0.9340277777777778,<=>
7237,BSU_14050,b0164,30.555999999999997,288,171,9,4,282,2,269,3.41e-31,114.0,286,1.006993006993007,<=>
7331,BSU_14260,b3857,27.32,194,124,8,6,192,10,193,4.8899999999999996e-12,59.3,199,0.9748743718592965,<=>
7336,BSU_14280,b0827,33.505,388,239,7,10,393,14,386,3.58e-50,172.0,430,0.9023255813953488,<=>
7339,BSU_14310,b0784,34.568000000000005,81,49,2,1,77,1,81,3.9500000000000006e-11,50.8,77,1.051948051948052,<=>
7517,BSU_14350,b0878,21.658,374,264,10,1,363,7,362,1.4300000000000002e-05,43.5,377,0.9920424403183024,<=>
7614,BSU_14380,b3131,31.796999999999997,217,145,2,3,216,15,231,3.11e-33,119.0,251,0.8645418326693227,<=>
7626,BSU_14390,b1723,31.01,287,193,3,2,283,4,290,4.2799999999999993e-38,134.0,303,0.9471947194719472,<=>
7633,BSU_14400,b0731,33.607,610,376,10,1,603,21,608,1.6899999999999995e-100,317.0,635,0.9606299212598425,<=>
7647,BSU_14430,b0820,45.763000000000005,531,287,1,1,531,1,530,0.0,518.0,540,0.9833333333333333,<=>
7792,BSU_14520,b3665,36.092,568,342,10,19,577,30,585,3.33e-106,328.0,577,0.9844020797227037,<=>
7807,BSU_14610,b0116,47.403,462,234,5,8,464,5,462,5.169999999999999e-137,400.0,470,0.9829787234042553,<=>
7827,BSU_14670,b2533,33.6,250,162,4,10,257,7,254,3.46e-43,145.0,265,0.9433962264150944,<=>
7831,BSU_14770,b3871,54.908,601,271,0,7,607,5,605,0.0,694.0,612,0.9820261437908496,<=>
7844,BSU_14830,b1524,38.961,308,186,2,2,309,3,308,2.4299999999999994e-77,235.0,309,0.9967637540453075,<=>
7860,BSU_15010,b3465,31.319000000000003,182,121,2,1,182,12,189,4.85e-28,101.0,184,0.9891304347826086,<=>
7861,BSU_15020,b3634,43.038000000000004,158,90,0,1,158,1,158,2.7100000000000002e-49,153.0,161,0.9813664596273292,<=>
7863,BSU_15040,b1234,32.203,295,153,5,1,250,1,293,3.78e-40,137.0,260,1.1346153846153846,<=>
7868,BSU_15110,b0425,27.778000000000002,306,201,9,1,297,1,295,5.16e-18,79.7,298,1.0268456375838926,<=>
7869,BSU_15130,b0081,37.778,135,79,2,1,130,1,135,1.16e-25,92.4,143,0.9440559440559441,<=>
7870,BSU_15140,b0082,45.86,314,156,5,2,309,5,310,1.88e-87,261.0,311,1.0096463022508038,<=>
7874,BSU_15170,b0084,29.101,567,364,13,14,567,24,565,1.3399999999999999e-64,220.0,646,0.8777089783281734,<=>
7876,BSU_15180,b0085,38.163000000000004,490,274,7,14,484,12,491,3.62e-91,284.0,494,0.9919028340080972,<=>
7882,BSU_15190,b0087,46.505,329,154,6,9,318,29,354,6.649999999999999e-82,249.0,324,1.0154320987654322,<=>
7884,BSU_15200,b0088,33.333,447,266,12,8,443,5,430,5.15e-53,181.0,451,0.991130820399113,<=>
7887,BSU_15210,b0089,38.71,372,218,3,2,365,33,402,4.129999999999999e-81,251.0,366,1.0163934426229508,<=>
7889,BSU_15220,b0090,30.595,353,231,8,2,354,7,345,6.37e-50,168.0,363,0.9724517906336089,<=>
7890,BSU_15230,b3972,27.083000000000002,288,163,7,62,302,45,332,3.22e-22,92.0,303,0.9504950495049505,<=>
7891,BSU_15280,b0094,35.509,383,231,6,2,370,5,385,1.2499999999999998e-73,234.0,440,0.8704545454545455,<=>
7894,BSU_15290,b0095,46.927,358,186,3,25,378,24,381,1.6299999999999995e-97,292.0,382,0.93717277486911,<=>
7998,BSU_15370,b2593,33.333,261,152,7,13,273,2,240,4.4299999999999994e-33,118.0,278,0.9388489208633094,<=>
7999,BSU_15380,b2951,33.333,228,140,6,3,222,4,227,1.7399999999999999e-31,112.0,230,0.991304347826087,<=>
8002,BSU_15430,b0026,45.151,928,483,10,2,910,3,923,0.0,806.0,921,1.007600434310532,<=>
8007,BSU_15450,b0027,32.903,155,97,3,2,152,13,164,3.5599999999999996e-22,84.0,154,1.0064935064935066,<=>
8008,BSU_15460,b2594,42.357,314,163,5,3,302,6,315,1.2299999999999998e-76,234.0,303,1.0363036303630364,<=>
8014,BSU_15480,b2497,42.953,447,222,9,1,432,1,429,3.889999999999999e-119,351.0,435,1.0275862068965518,<=>
8026,BSU_15510,b0032,47.09,378,168,7,5,355,7,379,2.8499999999999994e-105,311.0,364,1.0384615384615385,<=>
8030,BSU_15520,b0033,49.537,1080,528,9,1,1071,1,1072,0.0,1047.0,1071,1.0084033613445378,<=>
8032,BSU_15540,b2147,30.211,331,187,15,2,302,6,322,2.0699999999999996e-33,124.0,311,1.0643086816720257,<=>
8034,BSU_15550,b1281,41.667,228,129,2,3,230,14,237,8.66e-50,160.0,239,0.9539748953974896,<=>
8036,BSU_15570,b2762,33.023,215,128,8,27,233,37,243,7.18e-26,98.2,233,0.9227467811158798,<=>
8038,BSU_15600,b2750,52.577,194,91,1,1,194,3,195,7.7e-71,211.0,197,0.9847715736040609,<=>
8042,BSU_15650,b4242,28.439,865,550,17,1,851,43,852,1.4899999999999997e-105,344.0,890,0.9719101123595506,<=>
8048,BSU_15660,b3644,30.241,291,199,3,1,291,1,287,1.6699999999999997e-33,121.0,291,1.0,<=>
8049,BSU_15680,b3648,42.786,201,110,2,4,201,3,201,6.659999999999999e-53,166.0,204,0.9852941176470589,<=>
8051,BSU_15700,b3639,41.176,408,232,5,2,405,3,406,2.87e-92,281.0,406,1.0049261083743843,<=>
8057,BSU_15720,b3287,48.321999999999996,149,74,3,1,147,1,148,7.120000000000001e-41,132.0,160,0.93125,<=>
8058,BSU_15730,b3288,46.128,297,159,1,3,299,6,301,5.0499999999999985e-89,266.0,317,0.9369085173501577,<=>
8062,BSU_15740,b3289,34.216,453,264,15,2,446,3,429,3.0199999999999995e-62,205.0,447,1.0134228187919463,<=>
8065,BSU_15750,b2517,38.323,334,197,5,27,353,27,358,6.299999999999999e-81,249.0,363,0.9201101928374655,<=>
8066,BSU_15780,b4161,38.126999999999995,299,153,12,19,295,55,343,9.4e-52,171.0,298,1.0033557046979866,<=>
8067,BSU_15790,b3386,52.113,213,100,2,4,215,6,217,2.5e-76,226.0,217,0.9815668202764977,<=>
8077,BSU_15870,b3652,39.21,658,357,18,9,637,11,654,1.5299999999999994e-134,409.0,682,0.9648093841642229,<=>
8084,BSU_15890,b1090,36.923,325,198,2,1,318,4,328,2.3699999999999996e-66,209.0,333,0.975975975975976,<=>
8085,BSU_15900,b1092,44.336999999999996,309,170,2,1,308,1,308,2.2699999999999995e-80,243.0,317,0.9747634069400631,<=>
8086,BSU_15910,b1093,50.611999999999995,245,117,2,2,246,3,243,7.6e-85,250.0,246,0.9959349593495935,<=>
8104,BSU_15920,b1094,61.038999999999994,77,30,0,1,77,1,77,3.27e-25,86.3,77,1.0,<=>
8105,BSU_15930,b2567,35.683,227,135,4,20,243,6,224,1.3999999999999999e-36,126.0,249,0.9116465863453815,<=>
8109,BSU_15980,b2610,54.245,424,193,1,3,425,2,425,1.1299999999999998e-163,466.0,446,0.9506726457399103,<=>
8111,BSU_15990,b2609,51.351000000000006,74,34,1,3,74,2,75,3.03e-20,74.3,90,0.8222222222222222,<=>
8112,BSU_16020,b2608,30.233,172,107,4,8,171,16,182,4.9e-23,87.4,174,0.9885057471264368,<=>
8113,BSU_16030,b2607,46.091,243,131,0,1,243,1,243,9.799999999999999e-78,232.0,243,1.0,<=>
8114,BSU_16040,b2606,58.036,112,47,0,1,112,1,112,9.27e-42,130.0,115,0.9739130434782609,<=>
8119,BSU_16090,b0728,54.286,385,176,0,1,385,1,385,1.2499999999999998e-153,436.0,385,1.0,<=>
8120,BSU_16100,b0729,64.36,289,103,0,1,289,1,289,2.819999999999999e-133,377.0,300,0.9633333333333334,<=>
8124,BSU_16120,b1274,40.16,752,365,14,1,683,1,736,1.5399999999999992e-173,515.0,691,1.0882778581765558,<=>
8135,BSU_16150,b3932,54.023,174,77,2,7,180,2,172,4.999999999999999e-62,187.0,181,0.9613259668508287,<=>
8136,BSU_16160,b3931,50.648999999999994,462,206,4,6,467,4,443,3.429999999999999e-165,470.0,467,0.9892933618843683,<=>
8143,BSU_16180,b1073,27.586,116,76,2,21,128,22,137,8.450000000000001e-10,50.4,129,0.8992248062015504,<=>
8144,BSU_16190,b1074,39.333,150,75,3,1,150,1,134,1.78e-30,104.0,150,1.0,<=>
8147,BSU_16210,b1938,26.625,477,289,15,1,451,1,442,2.6699999999999998e-39,147.0,536,0.8899253731343284,<=>
8148,BSU_16220,b1939,32.537,335,216,4,8,338,3,331,2.52e-54,178.0,338,0.9911242603550295,<=>
8149,BSU_16240,b1941,49.184,429,198,8,17,430,26,449,2.1299999999999994e-133,389.0,438,0.9794520547945206,<=>
8154,BSU_16290,b1078,39.245,265,153,5,1,262,1,260,9.49e-56,177.0,264,1.003787878787879,<=>
8159,BSU_16310,b1945,29.412,323,219,6,1,320,1,317,7.83e-40,140.0,332,0.9728915662650602,<=>
8197,BSU_16350,b1948,53.846000000000004,208,96,0,14,221,36,243,6.029999999999999e-77,229.0,221,0.9411764705882353,<=>
8198,BSU_16360,b1949,50.562,89,44,0,1,89,1,89,1.27e-14,60.5,89,1.0,<=>
8199,BSU_16370,b1950,27.66,235,153,5,16,243,21,245,4.7700000000000003e-17,75.5,259,0.9073359073359073,<=>
8200,BSU_16380,b1880,38.92,352,201,4,13,357,7,351,8.209999999999999e-74,231.0,360,0.9777777777777777,<=>
8201,BSU_16390,b1879,44.543,678,340,12,10,670,26,684,9.799999999999998e-176,514.0,677,1.0014771048744462,<=>
8207,BSU_16420,b1883,41.691,343,175,8,2,338,4,327,1.16e-81,249.0,357,0.9607843137254902,<=>
8234,BSU_16430,b1888,34.655,681,391,13,1,670,3,640,2.8699999999999992e-127,388.0,672,1.0133928571428572,<=>
8239,BSU_16440,b1887,28.0,150,106,1,7,156,15,162,5.53e-19,75.9,156,0.9615384615384616,<=>
8240,BSU_16470,b1922,39.381,226,135,1,27,252,16,239,5.719999999999999e-52,166.0,254,0.889763779527559,<=>
8244,BSU_16490,b0169,53.306000000000004,242,112,1,1,242,1,241,7.24e-91,265.0,246,0.983739837398374,<=>
8245,BSU_16500,b0170,49.825,285,131,4,3,287,4,276,7.04e-82,246.0,293,0.9726962457337884,<=>
8246,BSU_16510,b0171,48.511,235,120,1,3,237,6,239,7.129999999999999e-78,232.0,240,0.9791666666666666,<=>
8247,BSU_16520,b0172,51.148999999999994,174,85,0,12,185,12,185,7.009999999999999e-61,184.0,185,0.9405405405405406,<=>
8248,BSU_16530,b0174,49.558,226,114,0,34,259,20,245,2.6799999999999995e-74,224.0,260,0.8692307692307693,<=>
8251,BSU_16550,b0173,41.085,387,215,3,1,375,1,386,4.809999999999999e-96,289.0,383,1.010443864229765,<=>
8255,BSU_16570,b0194,49.912,571,277,6,1,564,1,569,0.0,566.0,564,1.0124113475177305,<=>
8273,BSU_16650,b3167,42.99100000000001,107,58,2,4,107,7,113,3.61e-24,87.0,117,0.9145299145299145,<=>
8275,BSU_16670,b0025,35.484,310,182,7,10,311,8,307,1.43e-55,180.0,316,0.9810126582278481,<=>
8276,BSU_16680,b3165,56.18,89,39,0,1,89,1,89,8.4e-33,106.0,89,1.0,<=>
8277,BSU_16690,b3164,52.123000000000005,683,321,3,12,691,11,690,0.0,686.0,705,0.9687943262411347,<=>
8285,BSU_16750,b2319,32.754,345,213,6,1,340,1,331,7.44e-53,174.0,346,0.9971098265895953,<=>
8292,BSU_16770,b2478,45.745,282,151,2,9,289,8,288,1.4499999999999998e-86,258.0,290,0.9724137931034482,<=>
8348,BSU_16940,b2699,62.305,321,121,0,3,323,6,326,2.1099999999999993e-152,429.0,348,0.9224137931034483,<=>
8352,BSU_16990,b3616,48.235,340,174,2,6,345,1,338,2.11e-115,335.0,347,0.9798270893371758,<=>
8365,BSU_17000,b3617,41.071000000000005,392,227,3,5,392,6,397,2.8099999999999993e-106,316.0,392,1.0,<=>
8368,BSU_17010,b0661,44.318000000000005,440,240,4,66,502,3,440,6.579999999999997e-129,380.0,509,0.8644400785854617,<=>
8371,BSU_17040,b2733,38.806,871,487,13,3,855,9,851,0.0,586.0,858,1.0151515151515151,<=>
8372,BSU_17050,b4170,31.162,568,359,11,7,558,6,557,9.289999999999997e-68,229.0,627,0.9059011164274322,<=>
8373,BSU_17080,b0313,28.855999999999998,201,126,6,1,191,1,194,1.89e-14,65.9,205,0.9804878048780488,<=>
8459,BSU_17290,b1599,42.268,97,56,0,6,102,11,107,1.94e-16,66.6,117,0.8290598290598291,<=>
8466,BSU_17330,b4171,37.255,306,188,3,8,310,12,316,1.2399999999999998e-66,208.0,314,0.9745222929936306,<=>
8468,BSU_17370,b2674,36.134,119,66,5,1,109,1,119,1.01e-18,73.6,130,0.9153846153846154,<=>
8469,BSU_17380,b2675,43.523,687,378,4,22,700,30,714,0.0,629.0,700,0.9814285714285714,<=>
8471,BSU_17390,b2676,43.574,319,170,5,7,322,8,319,2.0799999999999997e-86,259.0,329,0.9696048632218845,<=>
8478,BSU_17430,b4173,40.506,395,224,4,9,397,9,398,2.71e-87,269.0,420,0.9404761904761905,<=>
8486,BSU_17460,b3870,42.283,473,232,12,5,442,2,468,1.6199999999999998e-107,323.0,444,1.0653153153153154,<=>
8493,BSU_17570,b1616,37.174,460,275,6,7,460,3,454,9.409999999999999e-88,273.0,463,0.9935205183585313,<=>
8500,BSU_17580,b0271,54.12,534,242,2,1,531,1,534,0.0,594.0,533,1.00187617260788,<=>
8502,BSU_17590,b1594,25.14,358,250,5,9,349,13,369,4.57e-33,124.0,384,0.9322916666666666,<=>
8508,BSU_17600,b3565,51.376000000000005,436,210,2,11,444,4,439,2.73e-165,469.0,445,0.9797752808988764,<=>
8509,BSU_17610,b3564,36.25,480,299,6,5,483,3,476,4.3099999999999996e-95,293.0,499,0.9619238476953907,<=>
8533,BSU_17640,b4053,31.622,370,232,8,12,379,8,358,3.48e-50,170.0,394,0.9390862944162437,<=>
8535,BSU_17660,b3640,29.365,126,78,6,26,144,30,151,3.57e-06,41.2,144,0.875,<=>
8539,BSU_17850,b4043,33.333,207,125,4,1,203,1,198,4.24e-33,115.0,205,1.0097560975609756,<=>
8543,BSU_17890,b2935,49.323,665,326,6,6,665,5,663,0.0,644.0,667,0.9970014992503748,<=>
8576,BSU_18000,b1276,56.56,907,378,5,1,907,1,891,0.0,1016.0,909,0.9977997799779978,<=>
8583,BSU_18040,b0736,26.605999999999998,109,76,1,2,110,21,125,1.4499999999999999e-08,47.0,121,0.9008264462809917,<=>
8585,BSU_18070,b3059,32.446999999999996,188,121,3,6,190,8,192,1.06e-26,98.2,193,0.9740932642487047,<=>
8586,BSU_18080,b0965,40.496,121,70,1,8,126,5,125,4.08e-28,97.8,135,0.8962962962962963,<=>
8618,BSU_18250,b1701,30.956999999999997,533,343,9,7,537,42,551,1.0599999999999997e-76,249.0,549,0.970856102003643,<=>
8628,BSU_18260,b1695,35.233000000000004,386,236,8,1,380,1,378,3.6299999999999995e-64,206.0,380,1.0157894736842106,<=>
8722,BSU_18350,b3182,28.054000000000002,442,296,10,37,470,20,447,1.8700000000000002e-40,149.0,491,0.90020366598778,<=>
8724,BSU_18360,b2544,22.136999999999997,262,177,7,66,321,48,288,3.8200000000000005e-09,53.9,325,0.8061538461538461,<=>
8731,BSU_18410,b3447,41.251999999999995,543,284,11,45,572,47,569,2.2399999999999993e-131,393.0,587,0.9250425894378195,<=>
8780,BSU_18440,b3213,37.832,489,269,10,7,486,8,470,3.509999999999999e-92,285.0,493,0.9918864097363083,<=>
8788,BSU_18450,b3212,43.534,1477,805,13,12,1473,2,1464,0.0,1200.0,1520,0.9717105263157895,<=>
8848,BSU_18530,b1584,25.828000000000003,151,107,2,12,162,9,154,2.23e-09,51.2,177,0.8531073446327684,<=>
8864,BSU_18570,b0894,31.403000000000002,777,406,28,11,680,58,814,1.8799999999999996e-78,264.0,680,1.1426470588235293,<=>
8898,BSU_18760,b0208,29.02,255,155,12,1,242,1,242,1.28e-11,60.8,290,0.8793103448275862,<=>
8909,BSU_18770,b3943,27.375999999999998,263,179,6,7,264,14,269,1.94e-30,113.0,292,0.9006849315068494,<=>
8914,BSU_18880,b1931,28.947,190,112,7,1,180,1,177,2.72e-14,66.2,219,0.867579908675799,<=>
8935,BSU_19120,b2667,28.723000000000003,94,58,2,1,93,1,86,0.000573,33.5,107,0.8785046728971962,<=>
8940,BSU_19200,b3669,34.343,198,127,3,1,197,1,196,3e-32,112.0,199,0.9949748743718593,<=>
8964,BSU_19220,b3822,40.203,592,342,4,5,586,13,602,6.439999999999999e-152,447.0,591,1.0016920473773265,<=>
8972,BSU_19230,b1412,32.632,190,122,4,1,190,1,184,2.89e-31,110.0,208,0.9134615384615384,<=>
8977,BSU_19310,b0312,44.676,479,258,3,20,493,7,483,4.809999999999999e-140,409.0,495,0.9676767676767677,<=>
8989,BSU_19360,b0727,45.411,414,212,4,3,416,5,404,3.159999999999999e-120,352.0,417,0.9928057553956835,<=>
8992,BSU_19370,b0726,39.646,961,528,17,1,940,1,930,0.0,656.0,944,1.0180084745762712,<=>
9005,BSU_19440,b1663,34.91,444,285,1,5,444,2,445,1.2999999999999997e-86,269.0,452,0.9823008849557522,<=>
9008,BSU_19480,b3819,39.13,299,176,3,1,296,1,296,8.249999999999999e-70,215.0,298,1.0033557046979866,<=>
9027,BSU_19630,b4384,58.515,229,94,1,4,231,5,233,1.4599999999999995e-96,279.0,233,0.9828326180257511,<=>
9036,BSU_19730,b2221,49.541000000000004,218,109,1,6,223,4,220,3.039999999999999e-70,211.0,229,0.9519650655021834,<=>
9157,BSU_21680,b1778,52.458999999999996,122,57,1,4,124,6,127,5.82e-43,135.0,143,0.8531468531468531,<=>
9181,BSU_21790,b2899,47.317,205,107,1,2,205,11,215,3.6299999999999992e-62,190.0,213,0.9624413145539906,<=>
9182,BSU_21810,b0048,43.75,160,89,1,1,160,1,159,2.28e-46,146.0,168,0.9523809523809523,<=>
9183,BSU_21820,b2827,64.015,264,95,0,1,264,1,264,1.3899999999999995e-132,372.0,264,1.0,<=>
9184,BSU_21870,b3771,47.455,609,265,7,1,555,1,608,0.0,540.0,558,1.0913978494623655,<=>
9188,BSU_21890,b1962,30.476,210,123,6,9,199,9,214,1.68e-23,90.9,205,1.024390243902439,<=>
9189,BSU_21900,b1710,43.353,173,76,2,2,155,4,173,3.7899999999999997e-47,148.0,160,1.08125,<=>
9190,BSU_21910,b4013,48.173,301,153,2,1,299,1,300,2.9499999999999994e-103,301.0,301,1.0,<=>
9201,BSU_21990,b0214,29.71,138,78,5,4,125,6,140,4.8799999999999996e-11,53.9,132,1.0454545454545454,<=>
9212,BSU_22090,b3909,51.097,319,156,0,1,319,1,319,1.04e-101,299.0,330,0.9666666666666667,<=>
9214,BSU_22100,b4477,31.214000000000002,173,112,3,15,182,9,179,1.2499999999999999e-23,90.5,196,0.8826530612244898,<=>
9215,BSU_22110,b1772,28.214000000000002,280,187,5,35,311,42,310,6.85e-26,102.0,324,0.8641975308641975,<=>
9240,BSU_22130,b2843,45.683,278,148,2,1,275,1,278,2.929999999999999e-93,274.0,275,1.010909090909091,<=>
9241,BSU_22140,b2842,55.556000000000004,252,105,4,7,254,5,253,9.069999999999997e-91,266.0,254,0.9921259842519685,<=>
9274,BSU_22340,b1633,45.755,212,113,2,1,212,1,210,1.2199999999999998e-55,173.0,219,0.9680365296803652,<=>
9276,BSU_22360,b0930,35.556,450,246,14,12,423,16,459,5.939999999999999e-88,272.0,430,1.0465116279069768,<=>
9295,BSU_22410,b0131,48.276,116,60,0,1,116,1,116,1.7999999999999998e-35,115.0,127,0.9133858267716536,<=>
9296,BSU_22420,b0133,40.78,282,165,1,1,280,1,282,1.5499999999999996e-70,216.0,286,0.986013986013986,<=>
9297,BSU_22430,b0134,47.656000000000006,256,132,2,9,264,11,264,2.9599999999999994e-82,245.0,277,0.924187725631769,<=>
9298,BSU_22440,b3973,27.019000000000002,322,226,5,3,324,4,316,5.1999999999999996e-27,105.0,325,0.9907692307692307,<=>
9307,BSU_22490,b0031,27.5,280,179,6,1,267,1,269,8.870000000000001e-27,102.0,267,1.048689138576779,<=>
9308,BSU_22600,b0908,28.081999999999997,438,281,13,6,428,9,427,1.86e-36,135.0,428,1.0233644859813085,<=>
9311,BSU_22620,b2021,28.255,361,231,9,4,356,11,351,8.27e-38,136.0,360,1.0027777777777778,<=>
9317,BSU_22630,b1260,35.525999999999996,228,145,2,10,235,16,243,8.32e-39,134.0,267,0.8539325842696629,<=>
9318,BSU_22640,b1261,55.843999999999994,385,167,3,11,393,9,392,7.709999999999997e-153,434.0,400,0.9625,<=>
9325,BSU_22680,b1264,34.491,432,245,11,82,499,113,520,6.419999999999998e-74,240.0,515,0.8388349514563107,<=>
9329,BSU_22700,b3389,42.528999999999996,348,182,8,1,338,1,340,1.25e-78,243.0,362,0.9613259668508287,<=>
9330,BSU_22710,b2329,35.87,368,205,9,1,367,10,347,8.35e-53,176.0,390,0.9435897435897436,<=>
9331,BSU_22720,b1884,31.686999999999998,243,146,7,13,242,36,271,1.4e-32,117.0,256,0.94921875,<=>
9332,BSU_22730,b2518,48.905,137,70,0,2,138,3,139,1.51e-46,145.0,149,0.9194630872483222,<=>
9333,BSU_22740,b3187,32.45,302,198,3,49,346,22,321,5.5799999999999996e-52,172.0,348,0.867816091954023,<=>
9335,BSU_22750,b3833,37.607,234,142,2,4,233,17,250,4.0400000000000003e-54,171.0,233,1.0042918454935623,<=>
9340,BSU_22780,b2153,37.824,193,113,4,2,190,33,222,1.51e-34,119.0,190,1.0157894736842106,<=>
9341,BSU_22790,b4000,58.427,89,37,0,1,89,1,89,4.63e-34,109.0,92,0.967391304347826,<=>
9345,BSU_22830,b3608,40.303000000000004,330,194,2,4,332,8,335,2.1499999999999996e-89,269.0,345,0.9565217391304348,<=>
9346,BSU_22840,b2511,38.242,455,251,3,4,430,3,455,1.1399999999999999e-105,319.0,436,1.0435779816513762,<=>
9365,BSU_22890,b0910,44.907,216,119,0,7,222,8,223,2.7600000000000002e-61,188.0,224,0.9642857142857143,<=>
9383,BSU_23080,b1693,53.785,251,116,0,1,251,1,251,2.769999999999999e-91,267.0,255,0.984313725490196,<=>
9412,BSU_23120,b2079,42.373000000000005,236,127,4,5,239,9,236,3.95e-55,174.0,240,0.9833333333333333,<=>
9445,BSU_23150,b2195,28.846,156,99,5,3,150,2,153,5.7000000000000003e-11,55.8,179,0.8715083798882681,<=>
9447,BSU_23160,b1269,39.836999999999996,246,136,7,2,238,3,245,2.7399999999999998e-42,142.0,244,1.0081967213114753,<=>
9456,BSU_23250,b0415,52.903,155,72,1,1,154,1,155,1.6399999999999997e-55,169.0,154,1.0064935064935066,<=>
9459,BSU_23270,b1662,34.579,214,133,4,1,208,1,213,3.37e-36,124.0,215,0.9953488372093023,<=>
9460,BSU_23280,b0414,40.548,365,200,4,2,354,3,362,7.939999999999999e-97,289.0,361,1.0110803324099722,<=>
9466,BSU_23380,b2838,33.412,422,234,16,21,422,16,410,1.14e-51,176.0,439,0.9612756264236902,<=>
9473,BSU_23480,b0839,34.455999999999996,386,227,5,6,375,5,380,2.5399999999999997e-68,218.0,389,0.9922879177377892,<=>
9477,BSU_23490,b2407,47.431000000000004,253,132,1,12,263,17,269,4e-82,245.0,271,0.933579335793358,<=>
9478,BSU_23500,b4383,45.146,412,190,11,8,390,3,407,2.0999999999999992e-105,314.0,394,1.0456852791878173,<=>
9480,BSU_23510,b2894,44.595,296,157,3,4,296,7,298,3.5499999999999995e-83,249.0,296,1.0,<=>
9486,BSU_23520,b0683,34.058,138,88,1,12,149,8,142,2.2400000000000003e-20,79.0,149,0.9261744966442953,<=>
9490,BSU_23570,b4139,48.172,465,238,2,9,470,6,470,2.2399999999999992e-151,437.0,475,0.9789473684210527,<=>
9493,BSU_23580,b1767,32.317,328,207,8,2,319,4,326,2.7699999999999997e-51,170.0,329,0.9969604863221885,<=>
9496,BSU_23610,b3034,31.522,184,112,7,9,179,19,201,2.9299999999999996e-13,62.4,185,0.9945945945945946,<=>
9515,BSU_23710,b1184,26.988000000000003,415,263,15,9,403,4,398,6.66e-27,108.0,412,1.0072815533980584,<=>
9516,BSU_23730,b1534,24.86,358,231,9,21,362,22,357,1.84e-20,89.4,410,0.8731707317073171,<=>
9520,BSU_23760,b3974,49.68600000000001,318,158,2,1,318,1,316,7.189999999999999e-103,301.0,319,0.9968652037617555,<=>
9523,BSU_23770,b2366,57.71,428,169,4,15,434,14,437,8.649999999999997e-161,458.0,448,0.9553571428571429,<=>
9525,BSU_23780,b1539,35.616,219,122,6,11,217,5,216,2.9199999999999998e-31,113.0,259,0.8455598455598455,<=>
9541,BSU_23800,b0386,31.203000000000003,266,177,3,2,262,3,267,5.139999999999999e-44,147.0,278,0.9568345323741008,<=>
9543,BSU_23820,b1650,32.67,352,203,11,2,327,3,346,1.85e-44,153.0,338,1.0414201183431953,<=>
9547,BSU_23840,b2268,48.196999999999996,305,157,1,1,304,1,305,8.489999999999997e-104,303.0,307,0.993485342019544,<=>
9548,BSU_23850,b1852,39.357,498,279,8,1,486,1,487,1.3999999999999996e-123,367.0,489,1.01840490797546,<=>
9549,BSU_23860,b2029,70.149,469,137,3,1,468,1,467,0.0,691.0,469,1.0,<=>
9553,BSU_23870,b0231,34.985,343,215,5,6,345,2,339,4.419999999999999e-62,201.0,414,0.8285024154589372,<=>
9662,BSU_23970,b0653,36.818000000000005,220,132,2,2,214,3,222,8.82e-47,151.0,219,1.004566210045662,<=>
9672,BSU_23980,b0811,37.795,254,135,9,8,254,9,246,6.759999999999998e-41,138.0,255,0.996078431372549,<=>
9729,BSU_24120,b0331,44.36600000000001,284,153,4,18,296,10,293,8.769999999999998e-80,241.0,301,0.9435215946843853,<=>
9731,BSU_24130,b0334,60.97,474,182,1,2,472,10,483,0.0,613.0,472,1.0042372881355932,<=>
9743,BSU_24170,b2224,46.93899999999999,392,206,2,1,391,1,391,1.6399999999999997e-108,321.0,393,0.9974554707379135,<=>
9784,BSU_24240,b2616,34.729,573,345,8,1,566,1,551,2.6599999999999996e-100,312.0,576,0.9947916666666666,<=>
9785,BSU_24250,b3237,31.506999999999998,146,87,6,10,149,14,152,5.96e-12,57.0,149,0.9798657718120806,<=>
9786,BSU_24270,b0420,45.498999999999995,611,317,6,12,620,20,616,0.0,535.0,633,0.9652448657187994,<=>
9789,BSU_24280,b0421,42.857,287,159,3,14,295,12,298,5.4e-56,180.0,296,0.9695945945945946,<=>
9791,BSU_24290,b0422,44.595,74,38,2,5,75,3,76,1.41e-16,64.7,84,0.8809523809523809,<=>
9792,BSU_24300,b2509,40.732,437,256,2,5,440,8,442,6.459999999999999e-112,334.0,448,0.9754464285714286,<=>
9793,BSU_24310,b0529,51.971000000000004,279,133,1,1,278,1,279,9.479999999999997e-98,286.0,283,0.9858657243816255,<=>
9794,BSU_24320,b0416,38.333,120,65,4,8,121,11,127,1.52e-18,73.2,131,0.916030534351145,<=>
9795,BSU_24340,b3256,56.081,444,191,3,1,443,1,441,1.4599999999999994e-174,494.0,450,0.9866666666666667,<=>
9800,BSU_24350,b3255,40.506,158,90,3,2,157,1,156,3.7299999999999995e-32,109.0,159,0.9937106918238994,<=>
9802,BSU_24450,b4147,43.333,180,102,0,5,184,7,186,5.73e-48,152.0,185,0.972972972972973,<=>
9804,BSU_24460,b2385,39.775999999999996,357,205,4,3,352,4,357,2.17e-91,275.0,353,1.0113314447592068,<=>
9819,BSU_24570,b2905,39.785,372,199,11,1,361,1,358,1.4299999999999999e-83,255.0,362,1.0276243093922652,<=>
9831,BSU_24720,b0106,24.0,275,193,9,4,268,73,341,2.4199999999999998e-08,51.6,323,0.8513931888544891,<=>
9842,BSU_24770,b2495,30.833000000000002,120,76,3,1,116,1,117,1.01e-12,57.4,126,0.9523809523809523,<=>
9845,BSU_24790,b0927,37.736,212,124,5,1,207,1,209,2.1899999999999998e-40,134.0,211,1.004739336492891,<=>
9853,BSU_24850,b0394,30.915,317,191,10,8,314,4,302,7.28e-29,109.0,321,0.9875389408099688,<=>
9859,BSU_24890,b2912,31.395,172,114,2,15,182,8,179,1.23e-22,87.0,187,0.9197860962566845,<=>
9958,BSU_24960,b3725,58.70399999999999,247,102,0,23,269,11,257,4.989999999999999e-110,315.0,269,0.9182156133828996,<=>
10051,BSU_24970,b3726,30.465999999999998,279,159,9,9,281,38,287,5.060000000000001e-29,109.0,294,0.9489795918367347,<=>
10062,BSU_24980,b3727,29.885,261,160,3,66,306,54,311,4.29e-34,124.0,309,0.8446601941747572,<=>
10078,BSU_25020,b3908,58.653999999999996,208,78,2,1,202,1,206,6.019999999999999e-85,247.0,202,1.0297029702970297,<=>
10080,BSU_25070,b2515,48.986000000000004,345,176,0,8,352,8,352,5.619999999999998e-116,339.0,377,0.9151193633952255,<=>
10083,BSU_25130,b2159,31.698,265,173,5,1,260,1,262,2.2099999999999998e-41,142.0,297,0.8922558922558923,<=>
10092,BSU_25160,b0029,38.225,293,167,7,1,287,1,285,1.08e-58,188.0,314,0.9331210191082803,<=>
10097,BSU_25200,b2741,42.99100000000001,321,175,4,39,358,1,314,2.5299999999999998e-79,243.0,371,0.8652291105121294,<=>
10101,BSU_25230,b0387,33.333,141,93,1,15,154,2,142,1.35e-17,72.4,164,0.8597560975609756,<=>
10102,BSU_25240,b1703,25.83,271,180,7,3,262,6,266,1.88e-19,82.8,270,1.0037037037037038,<=>
10103,BSU_25260,b3559,35.455999999999996,691,428,7,1,676,1,688,9.859999999999997e-137,414.0,679,1.0176730486008836,<=>
10104,BSU_25270,b3560,63.23,291,101,2,2,286,8,298,1.1599999999999997e-135,383.0,295,0.9864406779661017,<=>
10106,BSU_25290,b2566,39.203,301,180,3,1,299,1,300,2.6499999999999993e-77,235.0,301,1.0,<=>
10118,BSU_25340,b0660,52.303000000000004,304,138,4,19,316,19,321,1.8999999999999994e-90,271.0,319,0.9529780564263323,<=>
10125,BSU_25440,b2946,32.444,225,137,4,24,245,23,235,1.7100000000000004e-29,108.0,256,0.87890625,<=>
10126,BSU_25450,b3259,31.646,316,187,9,1,311,1,292,3.74e-32,118.0,311,1.0160771704180065,<=>
10128,BSU_25460,b0015,50.923,379,171,7,1,372,1,371,4.85e-121,352.0,375,1.0106666666666666,<=>
10130,BSU_25470,b0014,55.818000000000005,636,251,4,1,606,1,636,0.0,676.0,611,1.0409165302782324,<=>
10136,BSU_25500,b2955,32.283,381,243,7,3,378,8,378,5.09e-60,196.0,379,1.0052770448548813,<=>
10138,BSU_25510,b2569,58.615,592,244,1,14,605,4,594,0.0,724.0,612,0.9673202614379085,<=>
10150,BSU_25550,b0023,41.379,87,51,0,1,87,1,87,2.54e-15,62.0,88,0.9886363636363636,<=>
10161,BSU_25620,b0637,38.461999999999996,104,64,0,1,104,1,104,5.1600000000000004e-23,83.2,118,0.8813559322033898,<=>
10162,BSU_25640,b0639,33.333,213,115,4,1,187,1,212,7.57e-36,122.0,189,1.126984126984127,<=>
10163,BSU_25650,b3180,41.053000000000004,95,55,1,2,96,3,96,3.22e-18,70.1,96,0.9895833333333334,<=>
10165,BSU_25660,b3281,34.830999999999996,267,162,8,5,267,4,262,2.8899999999999998e-39,135.0,280,0.9535714285714286,<=>
10195,BSU_26280,b1349,26.493000000000002,268,175,9,8,260,9,269,1.78e-15,71.6,284,0.9436619718309859,<=>
10240,BSU_26500,b1930,33.333,72,48,0,3,74,6,77,1.9099999999999999e-10,48.9,75,0.96,<=>
10312,BSU_26650,b0752,41.053000000000004,285,161,5,7,289,14,293,2.9699999999999996e-59,189.0,311,0.9163987138263665,<=>
10353,BSU_26710,b2682,26.84,231,145,9,27,243,13,233,8.77e-10,54.7,254,0.9094488188976378,<=>
10354,BSU_26720,b0889,33.108000000000004,148,99,0,2,149,9,156,5.310000000000001e-29,101.0,157,0.9426751592356688,<=>
10364,BSU_26850,b0419,36.145,332,183,7,1,316,1,319,1.08e-55,181.0,326,1.01840490797546,<=>
10408,BSU_26880,b0769,35.23,369,208,7,1,359,1,348,3.4299999999999996e-69,218.0,367,1.005449591280654,<=>
10411,BSU_26970,b0608,40.769,390,217,3,1,378,1,388,3.1799999999999994e-100,300.0,378,1.0317460317460319,<=>
10430,BSU_27010,b0325,54.438,338,150,4,15,349,11,347,1.0599999999999999e-112,328.0,349,0.9684813753581661,<=>
10447,BSU_27040,b1819,61.028999999999996,272,105,1,4,274,10,281,1.6899999999999994e-123,350.0,275,0.9890909090909091,<=>
10449,BSU_27050,b1818,57.778,270,106,3,1,268,3,266,3.0699999999999997e-91,268.0,269,1.003717472118959,<=>
10486,BSU_27100,b1798,30.693,202,130,4,7,206,13,206,2.0199999999999997e-23,90.5,210,0.9619047619047619,<=>
10497,BSU_27200,b2492,33.077,260,149,7,19,256,25,281,1.4099999999999998e-32,117.0,266,0.9774436090225563,<=>
10517,BSU_27250,b3939,42.626999999999995,373,212,2,2,372,4,376,2.6999999999999996e-103,307.0,379,0.9841688654353562,<=>
10521,BSU_27270,b0159,53.043,230,107,1,1,230,1,229,5.3199999999999997e-79,234.0,231,0.9956709956709957,<=>
10526,BSU_27320,b3181,42.857,154,86,1,5,156,2,155,3.81e-39,127.0,157,0.9808917197452229,<=>
10529,BSU_27330,b2066,54.63399999999999,205,89,1,6,206,9,213,2.7199999999999997e-77,228.0,211,0.9715639810426541,<=>
10532,BSU_27340,b2081,33.729,421,228,10,21,397,3,416,1.5299999999999997e-66,216.0,422,0.9976303317535545,<=>
10538,BSU_27370,b1097,33.654,312,178,11,57,360,47,337,1.2599999999999999e-39,140.0,360,0.8666666666666667,<=>
10539,BSU_27390,b2949,33.083,133,87,1,3,135,5,135,5.379999999999999e-21,79.7,138,0.9637681159420289,<=>
10540,BSU_27410,b2697,44.943999999999996,890,456,11,5,878,4,875,0.0,761.0,878,1.0136674259681093,<=>
10542,BSU_27420,b3474,25.805999999999997,310,205,9,42,343,33,325,1.21e-14,70.9,353,0.8781869688385269,<=>
10544,BSU_27430,b3271,59.336000000000006,241,98,0,1,241,12,252,3.9499999999999994e-109,311.0,242,0.9958677685950413,<=>
10673,BSU_27500,b1133,57.022,356,147,3,9,359,7,361,5.479999999999999e-143,407.0,371,0.9595687331536388,<=>
10674,BSU_27510,b2530,44.211000000000006,380,203,6,4,378,5,380,1.7199999999999996e-100,300.0,379,1.0026385224274406,<=>
10677,BSU_27520,b2531,32.061,131,83,1,1,125,1,131,3.49e-19,75.9,138,0.9492753623188406,<=>
10679,BSU_27530,b0892,38.78,410,245,3,1,404,13,422,7.390000000000001e-91,279.0,421,0.9738717339667459,<=>
10686,BSU_27550,b1866,52.437,595,270,7,4,592,2,589,0.0,621.0,592,1.0050675675675675,<=>
10695,BSU_27560,b2514,45.56399999999999,417,218,5,1,412,1,413,1.4899999999999996e-125,367.0,424,0.9834905660377359,<=>
10699,BSU_27590,b3887,47.581,124,65,0,4,127,18,141,6.05e-39,125.0,132,0.9393939393939394,<=>
10700,BSU_27600,b3650,40.056,719,402,7,17,734,12,702,0.0,575.0,734,0.9795640326975477,<=>
10702,BSU_27610,b0469,55.488,164,73,0,3,166,11,174,2.0999999999999996e-56,172.0,170,0.9647058823529412,<=>
10709,BSU_27710,b0406,57.382,359,152,1,19,376,12,370,3.249999999999999e-153,434.0,381,0.9422572178477691,<=>
10710,BSU_27720,b0405,45.797,345,181,5,1,341,1,343,3.369999999999999e-104,307.0,342,1.0087719298245614,<=>
10711,BSU_27730,b1860,60.486000000000004,329,130,0,3,331,5,333,2.5599999999999994e-147,416.0,334,0.9850299401197605,<=>
10714,BSU_27740,b1861,33.654,208,125,5,1,200,1,203,8.83e-31,108.0,201,1.0348258706467661,<=>
10722,BSU_27820,b1864,50.208999999999996,239,113,3,1,237,1,235,8.369999999999999e-78,232.0,240,0.9958333333333333,<=>
10724,BSU_27850,b0750,26.566999999999997,335,191,10,45,365,46,339,2.0500000000000002e-29,113.0,368,0.9103260869565217,<=>
10725,BSU_27860,b0109,41.065,263,148,3,16,272,33,294,1.2699999999999999e-55,179.0,289,0.9100346020761245,<=>
10726,BSU_27870,b2574,38.281,512,285,11,6,488,11,520,8.639999999999999e-95,296.0,531,0.9642184557438794,<=>
10733,BSU_27920,b3183,48.266000000000005,346,173,2,2,344,3,345,3.829999999999999e-98,296.0,428,0.8084112149532711,<=>
10737,BSU_27940,b3185,62.195,82,30,1,9,89,1,82,2.4699999999999996e-26,90.1,94,0.8723404255319149,<=>
10738,BSU_27960,b3186,45.631,103,55,1,1,102,1,103,1.25e-27,94.4,102,1.0098039215686274,<=>
10739,BSU_27990,b1175,43.59,273,142,5,1,265,1,269,2.4399999999999996e-77,233.0,268,1.0186567164179106,<=>
10743,BSU_28030,b3251,57.864,337,135,3,3,334,7,341,5.1999999999999985e-134,382.0,337,1.0,<=>
10749,BSU_28040,b3638,36.62,213,135,0,19,231,10,222,4.1e-46,150.0,231,0.922077922077922,<=>
10753,BSU_28050,b3248,46.995,183,96,1,5,186,4,186,5.17e-52,162.0,189,0.9682539682539683,<=>
10755,BSU_28070,b2972,30.8,250,143,7,9,234,21,264,4.650000000000001e-16,72.8,248,1.0080645161290323,<=>
10756,BSU_28080,b2315,30.025,403,259,8,23,425,31,410,1.6899999999999997e-43,154.0,430,0.9372093023255814,<=>
10757,BSU_28090,b4258,42.647,952,457,13,8,876,1,946,0.0,767.0,880,1.0818181818181818,<=>
10762,BSU_28120,b0154,54.953,424,189,2,6,427,3,426,1.0199999999999997e-173,490.0,430,0.986046511627907,<=>
10769,BSU_28130,b0369,49.062,320,162,1,1,320,1,319,9.649999999999997e-102,299.0,324,0.9876543209876543,<=>
10770,BSU_28150,b3805,45.902,305,159,4,4,305,5,306,1.8299999999999996e-84,254.0,314,0.9713375796178344,<=>
10771,BSU_28170,b1210,34.644,407,265,1,1,407,1,406,1.6099999999999998e-83,260.0,455,0.8945054945054945,<=>
10772,BSU_28190,b3865,38.122,181,111,1,5,184,8,188,1.28e-38,129.0,195,0.9282051282051282,<=>
10776,BSU_28200,b0439,55.817,765,336,2,9,772,11,774,0.0,873.0,774,0.9883720930232558,<=>
10793,BSU_28220,b0438,63.57,409,144,5,11,415,13,420,0.0,523.0,420,0.9738095238095238,<=>
10798,BSU_28230,b0436,36.634,404,230,8,1,397,1,385,4.1799999999999995e-65,212.0,424,0.9528301886792453,<=>
10799,BSU_28250,b0071,48.744,199,98,4,2,197,3,200,2.4499999999999998e-62,189.0,199,1.0,<=>
10801,BSU_28260,b0072,60.215,465,184,1,2,465,1,465,0.0,581.0,472,0.9851694915254238,<=>
10805,BSU_28270,b0073,54.07,344,155,3,4,345,6,348,1.6099999999999997e-128,370.0,365,0.9424657534246575,<=>
10808,BSU_28280,b0074,46.278,497,265,1,2,498,3,497,6.529999999999998e-150,436.0,518,0.9594594594594594,<=>
10812,BSU_28300,b0078,37.266999999999996,161,99,2,1,160,1,160,3.2999999999999997e-32,110.0,172,0.936046511627907,<=>
10814,BSU_28310,b0077,48.056999999999995,566,281,5,16,569,2,566,0.0,553.0,574,0.9860627177700348,<=>
10821,BSU_28330,b1932,55.034,149,67,0,3,151,4,152,3.0199999999999996e-56,170.0,151,0.9867549668874173,<=>
10824,BSU_28360,b2954,47.644,191,97,2,4,192,1,190,1.32e-55,172.0,198,0.9646464646464646,<=>
10825,BSU_28370,b3643,58.019,212,88,1,1,212,1,211,8.04e-87,254.0,245,0.8653061224489796,<=>
10841,BSU_28430,b0724,28.75,240,147,9,7,235,3,229,4.6e-21,85.9,253,0.9486166007905138,<=>
10842,BSU_28440,b4154,33.509,570,339,11,29,579,33,581,1.81e-87,280.0,586,0.9726962457337884,<=>
10850,BSU_28490,b1913,38.611,619,340,16,1,589,1,609,2.1399999999999994e-126,382.0,590,1.0491525423728814,<=>
10852,BSU_28500,b3781,48.077,104,52,1,3,104,5,108,4.3599999999999995e-33,108.0,104,1.0,<=>
10855,BSU_28520,b1698,33.455,275,177,3,49,320,41,312,7.65e-46,155.0,325,0.8461538461538461,<=>
10861,BSU_28540,b1393,39.231,260,151,4,1,258,1,255,3.2599999999999996e-53,170.0,258,1.0077519379844961,<=>
10883,BSU_28570,b4184,23.636,110,82,1,7,116,5,112,1.8800000000000002e-07,44.3,134,0.8208955223880597,<=>
10886,BSU_28630,b1713,39.852,813,460,14,1,803,1,794,1.3e-172,514.0,804,1.0111940298507462,<=>
10888,BSU_28640,b1714,48.225,338,161,4,5,342,4,327,1.5299999999999995e-116,337.0,344,0.9825581395348837,<=>
10892,BSU_28670,b0162,24.936,389,238,8,7,360,10,379,1.0799999999999999e-35,131.0,368,1.0570652173913044,<=>
10893,BSU_28680,b2979,39.251999999999995,428,259,1,29,456,44,470,5.639999999999999e-107,324.0,470,0.9106382978723404,<=>
10897,BSU_28690,b4467,32.821,390,229,13,23,409,22,381,3.8700000000000003e-54,183.0,444,0.8783783783783784,<=>
10901,BSU_28710,b0598,44.894,568,284,7,1,540,32,598,2.099999999999999e-158,467.0,598,0.9498327759197325,<=>
10907,BSU_28740,b1311,33.711999999999996,264,158,7,49,304,31,285,1.3199999999999999e-31,117.0,313,0.8434504792332268,<=>
10914,BSU_28780,b0061,60.173,231,89,2,1,228,1,231,1.6999999999999997e-97,281.0,229,1.0087336244541485,<=>
10919,BSU_28790,b0063,32.188,553,340,11,1,530,1,541,2.919999999999999e-87,278.0,560,0.9875,<=>
10925,BSU_28800,b0062,52.928999999999995,495,229,3,6,496,6,500,0.0,569.0,496,0.9979838709677419,<=>
10927,BSU_28820,b3898,40.845,355,202,5,7,359,2,350,7.29e-97,289.0,361,0.9833795013850416,<=>
10930,BSU_28850,b1716,58.12,117,49,0,1,117,1,117,7.9e-38,121.0,119,0.9831932773109243,<=>
10931,BSU_28860,b1717,51.613,62,30,0,1,62,1,62,4.3700000000000004e-15,60.1,66,0.9393939393939394,<=>
10932,BSU_28870,b1718,52.761,163,76,1,8,169,15,177,5.37e-52,161.0,173,0.9421965317919075,<=>
10935,BSU_28920,b2381,35.317,252,143,6,2,241,1,244,1.9e-45,149.0,241,1.045643153526971,<=>
10959,BSU_28930,b2126,33.791,583,351,9,3,579,5,558,3.129999999999999e-96,302.0,593,0.9831365935919055,<=>
10961,BSU_28940,b3812,24.686,239,131,6,1,231,10,207,1.43e-11,59.7,260,0.9192307692307692,<=>
10972,BSU_29000,b0413,48.98,147,75,0,1,147,1,147,1.74e-42,135.0,152,0.9671052631578947,<=>
10978,BSU_29040,b1657,36.283,339,210,3,6,344,2,334,5.549999999999999e-67,214.0,396,0.8560606060606061,<=>
10989,BSU_29050,b3012,47.059,272,133,5,11,278,9,273,2.2999999999999995e-83,248.0,280,0.9714285714285714,<=>
10998,BSU_29060,b0103,40.884,181,104,1,1,181,1,178,1.0300000000000001e-41,137.0,197,0.9187817258883249,<=>
11000,BSU_29080,b3635,39.928000000000004,278,152,4,1,273,1,268,1.43e-61,192.0,276,1.0072463768115942,<=>
11002,BSU_29090,b3863,41.145,926,485,16,4,876,6,924,0.0,602.0,880,1.0522727272727272,<=>
11029,BSU_29110,b3912,43.668,229,125,3,3,231,2,226,4.66e-50,160.0,240,0.9541666666666667,<=>
11059,BSU_29120,b3236,31.013,316,184,16,7,305,2,300,1.92e-24,97.8,312,1.0128205128205128,<=>
11060,BSU_29130,b1136,66.667,423,124,3,2,422,9,416,0.0,571.0,423,1.0,<=>
11064,BSU_29140,b0333,37.466,371,222,4,7,371,22,388,1.9499999999999997e-81,251.0,372,0.9973118279569892,<=>
11066,BSU_29150,b1789,35.156,128,82,1,17,144,17,143,1.44e-20,79.7,154,0.8311688311688312,<=>
11070,BSU_29180,b1676,52.321000000000005,474,220,4,1,472,1,470,4.639999999999999e-171,491.0,585,0.8102564102564103,<=>
11074,BSU_29190,b3916,56.288999999999994,318,138,1,1,317,2,319,3.749999999999999e-126,360.0,319,0.9968652037617555,<=>
11075,BSU_29200,b0185,53.205,312,143,1,5,313,6,317,3.0299999999999993e-114,330.0,325,0.96,<=>
11076,BSU_29210,b2316,47.876000000000005,259,132,1,21,276,16,274,2.13e-81,245.0,290,0.8931034482758621,<=>
11079,BSU_29230,b0184,37.907,1166,656,22,3,1113,6,1158,0.0,729.0,1115,1.0457399103139013,<=>
11270,BSU_29440,b3960,49.115,452,229,1,4,454,3,454,1.0799999999999996e-158,454.0,461,0.9804772234273319,<=>
11273,BSU_29450,b3172,28.502,414,250,16,5,387,12,410,1.23e-35,133.0,403,1.0272952853598014,<=>
11274,BSU_29460,b0782,42.068999999999996,145,83,1,15,159,12,155,3.79e-37,123.0,170,0.8529411764705882,<=>
11276,BSU_29470,b3115,44.836000000000006,397,205,6,4,395,7,394,7.849999999999998e-114,335.0,395,1.0050632911392405,<=>
11279,BSU_29490,b1324,42.073,164,92,2,4,164,5,168,7.0799999999999984e-43,137.0,167,0.9820359281437125,<=>
11295,BSU_29580,b0423,30.933000000000003,375,233,10,10,371,8,369,3.0099999999999997e-40,146.0,401,0.9351620947630923,<=>
11299,BSU_29600,b0401,41.958,429,240,5,1,427,1,422,1.6299999999999998e-110,330.0,445,0.9640449438202248,<=>
11304,BSU_29640,b1832,58.17,153,62,1,10,162,2,152,2.13e-56,171.0,163,0.9386503067484663,<=>
11320,BSU_29660,b3296,49.523999999999994,210,92,5,1,200,1,206,5.709999999999999e-62,189.0,200,1.05,<=>
11321,BSU_29670,b1637,54.824,425,184,4,2,422,4,424,7.329999999999998e-169,477.0,422,1.0071090047393365,<=>
11322,BSU_29680,b4069,37.925,588,327,17,15,572,49,628,7.34e-117,358.0,572,1.027972027972028,<=>
11336,BSU_29740,b3934,36.061,330,210,1,5,334,11,339,1.0699999999999998e-71,223.0,334,0.9880239520958084,<=>
11353,BSU_29790,b0091,30.238000000000003,463,279,11,5,430,23,478,1.98e-43,155.0,432,1.0717592592592593,<=>
11361,BSU_29880,b1479,44.505,546,297,4,21,564,20,561,2.2199999999999992e-166,482.0,566,0.9646643109540636,<=>
11373,BSU_29990,b3664,43.607,438,228,6,1,432,19,443,4.939999999999999e-112,333.0,432,1.0138888888888888,<=>
11467,BSU_30035,b2183,40.773,233,130,5,1,231,1,227,2.92e-47,153.0,239,0.9748953974895398,<=>
11472,BSU_30060,b3492,34.074,405,243,11,1,403,1,383,9.789999999999999e-56,186.0,420,0.9642857142857143,<=>
11506,BSU_30200,b0775,35.714,280,175,4,44,319,32,310,1.0399999999999998e-58,190.0,335,0.835820895522388,<=>
11507,BSU_30210,b0778,31.579,228,147,4,2,225,3,225,3.01e-31,111.0,231,0.987012987012987,<=>
11512,BSU_30230,b0774,34.529,446,269,10,1,444,1,425,6.1199999999999985e-80,251.0,448,0.9955357142857143,<=>
11520,BSU_30260,b3075,34.118,340,200,7,1,333,1,323,2.0899999999999992e-59,191.0,344,0.9883720930232558,<=>
11551,BSU_30300,b4119,49.43600000000001,443,210,4,3,431,6,448,4.359999999999999e-147,423.0,432,1.025462962962963,<=>
11554,BSU_30310,b3425,29.348000000000003,92,63,2,6,96,7,97,1.4199999999999999e-09,48.5,103,0.8932038834951457,<=>
11556,BSU_30320,b0642,43.336999999999996,863,417,13,3,802,5,858,0.0,694.0,804,1.0733830845771144,<=>
11900,BSU_30480,b3211,39.455999999999996,294,172,4,23,315,14,302,7.789999999999999e-78,237.0,322,0.9130434782608695,<=>
11903,BSU_30520,b3279,40.782,179,98,2,1,171,4,182,4.87e-39,128.0,171,1.0467836257309941,<=>
11908,BSU_30530,b0402,54.083999999999996,453,208,0,3,455,2,454,7.099999999999997e-165,470.0,463,0.978401727861771,<=>
11924,BSU_30540,b0674,28.796999999999997,507,286,17,1,471,1,468,6.5199999999999985e-50,179.0,632,0.8022151898734177,<=>
11928,BSU_30550,b2942,63.104,393,131,3,5,397,3,381,0.0,506.0,400,0.9825,<=>
11929,BSU_30560,b3403,49.903,513,241,7,23,525,32,538,7.189999999999999e-170,488.0,527,0.9734345351043643,<=>
12032,BSU_30670,b2687,37.748000000000005,151,90,2,1,148,1,150,5.41e-33,112.0,157,0.9617834394904459,<=>
12035,BSU_30700,b0296,38.461999999999996,78,47,1,1,78,1,77,1.7199999999999997e-13,57.0,82,0.9512195121951219,<=>
12045,BSU_30760,b1858,35.745,235,129,6,4,235,5,220,2.8100000000000002e-33,118.0,250,0.94,<=>
12138,BSU_30770,b1857,21.245,273,189,3,34,282,28,298,1.33e-11,61.2,306,0.8921568627450981,<=>
12153,BSU_30800,b2262,68.75,272,82,3,3,271,14,285,8.019999999999998e-140,392.0,271,1.003690036900369,<=>
12160,BSU_30810,b2263,28.906,256,157,4,12,260,2,239,1.42e-26,101.0,274,0.9343065693430657,<=>
12165,BSU_30820,b2264,29.983,577,354,16,9,569,10,552,7.94e-71,234.0,580,0.9948275862068966,<=>
12190,BSU_30940,b3428,44.025,795,428,5,15,797,24,813,0.0,654.0,798,0.9962406015037594,<=>
12192,BSU_30950,b3429,36.864000000000004,491,273,11,1,472,1,473,1.98e-98,301.0,484,1.0144628099173554,<=>
12195,BSU_30970,b3430,41.235,405,204,8,6,377,21,424,2.6399999999999996e-99,298.0,380,1.0657894736842106,<=>
12198,BSU_30980,b3432,43.181999999999995,616,328,7,10,610,109,717,1.6499999999999997e-175,513.0,627,0.9824561403508771,<=>
12200,BSU_31010,b3051,27.879,495,285,22,2,442,7,483,3.7e-24,102.0,509,0.9724950884086444,<=>
12203,BSU_31050,b2799,35.754,358,226,3,25,381,14,368,1.9999999999999996e-62,202.0,402,0.8905472636815921,<=>
12220,BSU_31100,b1363,25.49,408,267,14,37,426,91,479,1.0699999999999999e-07,50.8,445,0.9168539325842696,<=>
12231,BSU_31150,b3057,47.211999999999996,269,130,4,3,267,4,264,5.369999999999999e-81,242.0,276,0.9746376811594203,<=>
12235,BSU_31170,b3087,47.239,326,170,1,1,326,1,324,5.209999999999999e-107,313.0,328,0.9939024390243902,<=>
12241,BSU_31180,b3903,58.313,415,172,1,3,417,5,418,0.0,526.0,424,0.9787735849056604,<=>
12242,BSU_31190,b3901,55.34,103,46,0,1,103,1,103,9.82e-41,127.0,104,0.9903846153846154,<=>
12243,BSU_31200,b3904,42.827,467,252,6,5,464,8,466,6.539999999999998e-125,370.0,485,0.9628865979381444,<=>
12249,BSU_31210,b1770,39.914,233,137,3,1,231,1,232,1.5599999999999998e-45,150.0,258,0.9031007751937985,<=>
12321,BSU_31370,b3011,40.108000000000004,369,213,6,1,366,1,364,1.4799999999999997e-87,267.0,387,0.9534883720930233,<=>
12335,BSU_31400,b2290,32.24,366,220,13,33,382,46,399,8e-45,156.0,386,0.9481865284974094,<=>
12350,BSU_31440,b1622,33.508,382,247,4,1,379,2,379,1.8099999999999998e-82,254.0,387,0.9870801033591732,<=>
12378,BSU_31480,b1053,37.5,392,240,3,2,392,20,407,6.039999999999999e-81,251.0,392,1.0,<=>
12391,BSU_31520,b4125,35.13,538,334,2,2,531,12,542,3.409999999999999e-118,356.0,533,1.0093808630393997,<=>
12404,BSU_31530,b4124,44.77,239,127,3,1,235,1,238,6.849999999999999e-66,201.0,235,1.0170212765957447,<=>
12600,BSU_31670,b0597,43.333,120,67,1,5,124,18,136,6.23e-27,94.4,126,0.9523809523809523,<=>
12607,BSU_31680,b1040,27.778000000000002,180,102,5,45,211,49,213,2.7699999999999997e-09,52.0,214,0.8411214953271028,<=>
12624,BSU_31760,b1768,26.705,176,98,7,3,153,4,173,7.67e-07,44.7,183,0.9617486338797814,<=>
12628,BSU_31800,b2493,28.391,317,213,8,34,344,32,340,1.03e-34,127.0,369,0.8590785907859079,<=>
12645,BSU_31959,b4511,28.986,69,49,0,1,69,3,71,2.4e-15,60.8,69,1.0,<=>
12664,BSU_31970,b0595,48.82899999999999,299,135,3,1,299,1,281,3.659999999999999e-100,293.0,312,0.9583333333333334,<=>
12667,BSU_31980,b0594,48.417,537,260,7,5,532,5,533,3.599999999999999e-171,492.0,539,0.9962894248608535,<=>
12676,BSU_31990,b0593,37.403,385,219,6,21,395,18,390,3.2499999999999996e-77,241.0,398,0.9673366834170855,<=>
12680,BSU_32000,b0596,42.308,260,130,2,6,260,3,247,1.0899999999999999e-66,204.0,261,0.9961685823754789,<=>
12697,BSU_32050,b4260,34.623000000000005,491,304,7,7,490,11,491,8.599999999999999e-84,265.0,500,0.982,<=>
12704,BSU_32130,b0104,32.059,340,202,9,7,322,11,345,7.700000000000001e-50,166.0,326,1.0429447852760736,<=>
12710,BSU_32160,b0156,40.0,105,63,0,4,108,8,112,7.55e-27,93.2,120,0.875,<=>
12713,BSU_32170,b3809,36.396,283,167,6,5,284,2,274,9.079999999999999e-55,176.0,284,0.9964788732394366,<=>
12714,BSU_32180,b2161,47.101000000000006,414,208,3,1,404,1,413,6.699999999999999e-112,331.0,404,1.0247524752475248,<=>
12728,BSU_32240,b0003,29.090999999999998,275,178,7,7,267,1,272,2.37e-28,108.0,309,0.889967637540453,<=>
12737,BSU_32290,b0675,31.325,249,167,2,3,251,2,246,7.0999999999999995e-43,143.0,256,0.97265625,<=>
12739,BSU_32330,b0628,53.736999999999995,281,127,3,8,286,35,314,1.5999999999999995e-102,300.0,298,0.9429530201342282,<=>
12743,BSU_32410,b0512,36.696999999999996,436,268,5,1,430,1,434,8.019999999999998e-100,303.0,446,0.9775784753363229,<=>
12747,BSU_32430,b2888,42.381,420,233,4,7,422,29,443,7.399999999999997e-113,337.0,449,0.9354120267260579,<=>
12758,BSU_32460,b1970,35.965,114,65,3,4,114,29,137,3.78e-21,79.3,114,1.0,<=>
12759,BSU_32470,b2868,43.357,143,75,4,19,157,12,152,3.51e-33,112.0,173,0.8265895953757225,<=>
12762,BSU_32480,b2866,29.659000000000002,762,496,10,9,741,1,751,3.68e-89,293.0,745,1.0228187919463088,<=>
12766,BSU_32500,b2877,22.564,195,126,5,9,197,7,182,0.000405,37.0,205,0.9512195121951219,<=>
12768,BSU_32510,b0283,23.659000000000002,317,180,8,18,324,41,305,5.16e-06,44.3,330,0.9606060606060606,<=>
12770,BSU_32530,b0516,47.277,404,213,0,9,412,6,409,3.929999999999999e-134,388.0,412,0.9805825242718447,<=>
12865,BSU_32560,b3375,40.87,230,135,1,10,239,12,240,7.089999999999999e-64,196.0,242,0.9504132231404959,<=>
12878,BSU_32570,b3374,31.579,266,175,5,1,264,1,261,1.54e-35,125.0,284,0.9366197183098591,<=>
12885,BSU_32580,b1312,31.915,282,178,4,28,300,4,280,7.33e-42,143.0,300,0.94,<=>
12900,BSU_32610,b3371,30.128,312,207,4,12,322,32,333,1.3699999999999996e-41,144.0,328,0.9512195121951219,<=>
12905,BSU_32630,b1189,24.824,427,234,22,5,366,4,408,1.0900000000000001e-07,50.1,372,1.1478494623655915,<=>
12907,BSU_32670,b1683,40.671,477,259,7,11,465,21,495,7.749999999999998e-126,372.0,465,1.0258064516129033,<=>
12909,BSU_32680,b2529,30.881999999999998,136,70,5,11,141,3,119,3.4500000000000003e-16,67.4,147,0.9251700680272109,<=>
12910,BSU_32690,b1680,48.492,398,204,1,1,397,3,400,5.679999999999998e-147,420.0,406,0.9802955665024631,<=>
12915,BSU_32710,b1682,51.22,246,118,1,6,249,2,247,1.9099999999999995e-90,265.0,261,0.9425287356321839,<=>
12996,BSU_32730,b0197,32.584,267,169,8,6,270,11,268,1.7699999999999997e-36,128.0,274,0.9744525547445255,<=>
12998,BSU_32740,b0198,43.961000000000006,207,116,0,16,222,11,217,8.6e-45,146.0,222,0.9324324324324325,<=>
13012,BSU_32750,b0199,48.547,344,173,2,1,341,1,343,2.0199999999999994e-111,325.0,341,1.0087976539589443,<=>
13107,BSU_32800,b2904,45.669,127,68,1,2,127,3,129,4.12e-38,122.0,127,1.0,<=>
13116,BSU_32830,b3845,47.208,394,194,6,1,389,1,385,4.749999999999999e-115,338.0,391,1.0076726342710998,<=>
13173,BSU_32920,b1526,33.579,271,176,2,1,268,1,270,1.31e-52,171.0,295,0.9186440677966101,<=>
13211,BSU_32940,b0588,52.568999999999996,253,120,0,9,261,11,263,6.019999999999998e-101,293.0,275,0.92,<=>
13321,BSU_32990,b0812,22.221999999999998,135,101,2,17,150,33,164,1.1100000000000002e-08,48.5,153,0.8823529411764706,<=>
13378,BSU_33040,b1611,64.035,456,163,1,4,458,5,460,0.0,595.0,462,0.987012987012987,<=>
13788,BSU_33330,b4115,31.566,396,229,9,3,391,6,366,1.68e-48,169.0,469,0.8443496801705757,<=>
13796,BSU_33350,b1728,32.515,163,94,6,1,149,1,161,5.81e-18,73.9,160,1.01875,<=>
13801,BSU_33380,b0763,36.086999999999996,230,137,4,36,258,29,255,1.9299999999999998e-43,145.0,260,0.8846153846153846,<=>
13802,BSU_33390,b0764,38.614000000000004,202,123,1,20,221,11,211,6.770000000000001e-37,126.0,230,0.8782608695652174,<=>
13820,BSU_33420,b4065,38.475,551,305,12,1,526,1,542,1.5399999999999997e-99,313.0,670,0.8223880597014925,<=>
13821,BSU_33430,b2763,51.526,557,264,3,10,565,12,563,0.0,614.0,571,0.9754816112084063,<=>
13822,BSU_33440,b2764,43.5,600,324,6,9,605,12,599,3.0899999999999987e-175,507.0,605,0.9917355371900827,<=>
13829,BSU_33460,b0157,32.524,206,123,9,6,202,6,204,1.88e-13,63.5,202,1.0198019801980198,<=>
13831,BSU_33490,b3469,36.04,702,427,12,4,700,48,732,3.529999999999999e-120,373.0,702,1.0,<=>
13835,BSU_33500,b0484,39.625,853,436,13,5,802,3,831,1.4699999999999996e-180,536.0,802,1.0635910224438903,<=>
13843,BSU_33530,b1624,38.551,345,210,1,12,356,3,345,3.379999999999999e-92,276.0,358,0.9636871508379888,<=>
13852,BSU_33570,b0543,44.34,106,58,1,1,105,1,106,7.130000000000001e-22,80.5,119,0.8907563025210085,<=>
13872,BSU_33600,b2620,39.869,153,91,1,3,154,8,160,2.1399999999999999e-41,133.0,156,0.9807692307692307,<=>
13873,BSU_33610,b4179,39.205,704,416,7,20,715,33,732,7.639999999999998e-176,523.0,779,0.9037227214377407,<=>
13896,BSU_33710,b2131,25.559,313,205,10,6,303,4,303,1.56e-23,95.1,306,1.022875816993464,<=>
14109,BSU_33850,b1242,33.333,207,135,2,3,207,6,211,3.9199999999999995e-34,118.0,211,0.981042654028436,<=>
14113,BSU_33900,b2779,64.085,426,146,3,1,421,1,424,0.0,530.0,430,0.9906976744186047,<=>
14114,BSU_33910,b3612,49.805,512,251,5,1,509,3,511,7.239999999999998e-176,502.0,511,1.0019569471624266,<=>
14116,BSU_33920,b3919,39.919000000000004,248,148,1,1,248,1,247,9.609999999999998e-62,192.0,253,0.9802371541501976,<=>
14117,BSU_33930,b2926,47.727,396,193,6,1,394,1,384,2.0799999999999993e-117,344.0,394,1.0050761421319796,<=>
14118,BSU_33940,b1779,56.156000000000006,333,143,2,1,332,1,331,9.779999999999997e-138,391.0,335,0.9940298507462687,<=>
14122,BSU_33960,b4031,38.830999999999996,479,256,6,17,462,4,478,1.1099999999999998e-106,322.0,464,1.0323275862068966,<=>
14165,BSU_33980,b3160,54.128,327,148,2,7,332,4,329,3.209999999999999e-126,362.0,336,0.9732142857142857,<=>
14202,BSU_34000,b1533,27.063000000000002,303,177,11,20,298,16,298,3.56e-16,74.3,305,0.9934426229508196,<=>
14224,BSU_34030,b0308,36.885,244,130,7,6,239,1,230,4.1399999999999997e-44,145.0,240,1.0166666666666666,<=>
14226,BSU_34040,b0307,55.696000000000005,474,208,2,1,474,1,472,0.0,561.0,479,0.9895615866388309,<=>
14228,BSU_34050,b0306,52.301,239,113,1,1,238,1,239,8.5e-90,262.0,238,1.004201680672269,<=>
14373,BSU_34180,b0113,31.131999999999998,212,143,2,1,210,22,232,5.14e-26,98.6,219,0.9680365296803652,<=>
14387,BSU_34190,b2975,55.282,568,233,5,3,562,4,558,0.0,567.0,563,1.0088809946714032,<=>
14426,BSU_34430,b2840,23.076999999999998,234,162,7,2,224,4,230,5.41e-11,57.4,227,1.0308370044052864,<=>
14447,BSU_34490,b4148,43.81,105,55,2,1,101,1,105,4.32e-19,73.2,111,0.9459459459459459,<=>
14453,BSU_34540,b0437,69.792,192,58,0,1,192,14,205,3.4699999999999994e-100,285.0,197,0.9746192893401016,<=>
14454,BSU_34550,b1317,47.926,217,111,1,1,217,3,217,1.2399999999999997e-62,192.0,226,0.9601769911504425,<=>
14465,BSU_34570,b1316,26.226999999999997,774,503,20,5,748,3,738,2.87e-76,258.0,757,1.0224570673712021,<=>
14466,BSU_34590,b4032,33.942,274,157,6,25,278,27,296,3.43e-37,130.0,278,0.9856115107913669,<=>
14476,BSU_34610,b4034,30.193,414,257,15,4,407,3,394,2.05e-40,145.0,417,0.9928057553956835,<=>
14496,BSU_34660,b1206,38.175,537,303,7,10,525,24,552,3.7799999999999997e-104,320.0,530,1.0132075471698114,<=>
14499,BSU_34680,b3553,47.352,321,161,3,2,319,1,316,6.509999999999999e-103,302.0,325,0.9876923076923076,<=>
14643,BSU_34730,b1463,28.215999999999998,241,164,7,4,240,1,236,7.499999999999999e-21,86.3,254,0.9488188976377953,<=>
14644,BSU_34740,b2415,45.783,83,45,0,1,83,1,83,8.79e-21,75.9,85,0.9764705882352941,<=>
14651,BSU_34770,b3205,41.318999999999996,288,155,5,11,292,3,282,4.619999999999999e-72,221.0,295,0.976271186440678,<=>
14652,BSU_34780,b1759,29.323,133,72,5,7,129,6,126,9.61e-09,48.1,158,0.8417721518987342,<=>
14656,BSU_34790,b0888,38.006,321,186,7,1,310,1,319,1.6199999999999998e-67,211.0,316,1.0158227848101267,<=>
14762,BSU_34860,b2026,49.74100000000001,193,91,1,12,204,16,202,1.0999999999999999e-61,188.0,209,0.9234449760765551,<=>
14763,BSU_34870,b2025,50.0,256,124,1,1,252,1,256,7.199999999999999e-81,240.0,252,1.0158730158730158,<=>
14765,BSU_34880,b2024,36.515,241,143,4,6,239,2,239,1.38e-43,144.0,245,0.9836734693877551,<=>
14767,BSU_34890,b2023,38.424,203,112,5,4,204,5,196,8.3e-34,117.0,212,0.9575471698113207,<=>
14769,BSU_34910,b2020,39.759,415,242,3,10,421,17,426,1.1199999999999998e-94,288.0,427,0.9718969555035128,<=>
14781,BSU_34970,b2293,28.23,209,129,7,10,209,7,203,9.490000000000001e-09,50.8,216,0.9675925925925926,<=>
14786,BSU_34990,b2828,28.881,277,168,9,8,258,11,284,3.12e-27,103.0,269,1.029739776951673,<=>
14787,BSU_35010,b0677,31.579,380,243,8,12,385,9,377,2.0999999999999996e-45,157.0,396,0.9595959595959596,<=>
14789,BSU_35020,b0678,39.583,240,139,3,1,234,1,240,3.1299999999999996e-62,193.0,242,0.9917355371900827,<=>
14792,BSU_35030,b0730,32.051,234,159,0,10,243,5,238,3.03e-39,133.0,243,0.9629629629629629,<=>
14826,BSU_35160,b4058,60.361000000000004,941,367,4,3,938,1,940,0.0,1148.0,957,0.9832810867293625,<=>
14867,BSU_35170,b0779,59.159,666,264,3,1,658,1,666,0.0,797.0,661,1.0075642965204237,<=>
14894,BSU_35260,b3463,46.479,213,114,0,1,213,1,213,2.6599999999999995e-68,206.0,228,0.9342105263157895,<=>
14989,BSU_35290,b2891,45.205,365,199,1,1,365,2,365,6.439999999999999e-115,335.0,366,0.9972677595628415,<=>
14993,BSU_35300,b0098,50.055,907,380,11,1,841,2,901,0.0,860.0,841,1.0784780023781213,<=>
14998,BSU_35330,b1925,34.513000000000005,113,71,2,12,121,16,128,7.37e-17,68.9,133,0.849624060150376,<=>
14999,BSU_35340,b1924,24.2,500,319,19,7,494,8,459,1.68e-14,72.4,498,1.0040160642570282,<=>
15003,BSU_35370,b2696,41.667,60,35,0,1,60,1,60,3.71e-17,65.5,74,0.8108108108108109,<=>
15004,BSU_35400,b1083,27.303,304,194,8,1,281,1,300,1.91e-21,89.4,298,1.0201342281879195,<=>
15009,BSU_35450,b3413,26.026999999999997,219,131,10,39,240,22,226,2.74e-10,55.5,240,0.9125,<=>
15047,BSU_35510,b3848,32.961,179,118,1,18,194,17,195,2.16e-21,85.1,217,0.8248847926267281,<=>
15058,BSU_35600,b2046,28.366999999999997,490,337,6,3,483,2,486,8.71e-76,243.0,483,1.0144927536231885,<=>
15063,BSU_35660,b3786,55.376000000000005,372,151,3,4,363,1,369,7.699999999999998e-131,377.0,380,0.9789473684210527,<=>
15064,BSU_35670,b1236,45.016999999999996,291,149,4,3,284,7,295,2.7599999999999997e-75,229.0,292,0.9965753424657534,<=>
15161,BSU_35750,b3794,32.547,212,135,5,15,222,22,229,3.36e-32,115.0,256,0.828125,<=>
15165,BSU_35830,b2943,39.729,443,260,4,2,439,11,451,1.2599999999999998e-96,295.0,457,0.9693654266958425,<=>
15218,BSU_35920,b3752,36.0,300,182,2,3,292,6,305,1.63e-43,148.0,293,1.023890784982935,<=>
15227,BSU_35930,b3748,45.324,139,68,2,1,131,1,139,6.15e-38,122.0,131,1.0610687022900764,<=>
15229,BSU_35940,b3749,47.347,490,256,2,3,491,5,493,1.5699999999999996e-156,451.0,493,0.9939148073022313,<=>
15380,BSU_35950,b3750,51.571999999999996,318,151,3,7,321,4,321,5.049999999999999e-100,294.0,322,0.9875776397515528,<=>
15390,BSU_35960,b3751,54.34,265,119,2,39,301,28,292,1.29e-97,286.0,305,0.8688524590163934,<=>
15419,BSU_36020,b2405,36.14,285,166,6,2,279,8,283,1.55e-53,174.0,302,0.9437086092715232,<=>
15493,BSU_36170,b3998,30.096999999999998,206,132,7,21,223,10,206,2.13e-25,96.7,238,0.865546218487395,<=>
15509,BSU_36300,b2735,32.031,256,171,3,1,254,1,255,1.16e-31,114.0,258,0.9922480620155039,<=>
15531,BSU_36360,b3291,57.364,129,46,2,4,125,6,132,4.7699999999999996e-45,140.0,130,0.9923076923076923,<=>
15532,BSU_36370,b0180,48.92100000000001,139,69,1,2,138,8,146,7.54e-44,138.0,141,0.9858156028368794,<=>
15548,BSU_36450,b3473,25.393,382,239,13,30,387,37,396,9.54e-14,68.9,396,0.9646464646464646,<=>
15558,BSU_36470,b0511,38.298,470,284,5,5,469,2,470,3.329999999999999e-117,350.0,490,0.9591836734693877,<=>
15574,BSU_36490,b1867,46.032,189,95,3,5,188,2,188,4.06e-54,167.0,189,1.0,<=>
15578,BSU_36510,b0451,46.38399999999999,401,207,5,5,401,31,427,1.86e-112,333.0,404,0.9925742574257426,<=>
15579,BSU_36520,b2553,41.071000000000005,112,66,0,5,116,1,112,3.6299999999999995e-28,96.7,116,0.9655172413793104,<=>
15586,BSU_36560,b1448,28.834,163,114,2,1,162,1,162,5.64e-18,73.6,163,1.0,<=>
15589,BSU_36590,b1249,28.31,491,338,7,1,482,1,486,1.3699999999999996e-65,216.0,482,1.0186721991701244,<=>
15596,BSU_36700,b0781,32.249,338,218,6,5,341,2,329,1.04e-52,174.0,341,0.9912023460410557,<=>
15597,BSU_36710,b3895,28.839000000000002,267,175,7,4,260,14,275,9.150000000000001e-27,102.0,262,1.0190839694656488,<=>
15598,BSU_36760,b3189,50.236999999999995,422,205,4,1,420,1,419,3.089999999999999e-136,394.0,436,0.9678899082568807,<=>
15599,BSU_36800,b3731,33.594,128,84,1,3,129,4,131,1.06e-23,86.7,132,0.9696969696969697,<=>
15600,BSU_36810,b3732,64.60600000000001,469,157,4,1,469,1,460,0.0,607.0,473,0.9915433403805497,<=>
15603,BSU_36820,b3733,36.585,287,181,1,1,286,1,287,3.449999999999999e-65,203.0,287,1.0,<=>
15604,BSU_36830,b3734,54.51,510,219,3,1,497,1,510,0.0,563.0,502,1.0159362549800797,<=>
15607,BSU_36840,b3735,23.951999999999998,167,125,2,6,172,7,171,6.69e-13,60.8,181,0.9226519337016574,<=>
15608,BSU_36850,b3736,31.875,160,95,4,14,166,4,156,3.3e-14,63.5,170,0.9411764705882353,<=>
15610,BSU_36870,b3738,31.336,217,115,9,45,244,72,271,4.38e-20,83.6,244,0.889344262295082,<=>
15611,BSU_36890,b2498,52.857,210,93,2,3,209,2,208,1.6899999999999996e-76,226.0,209,1.0047846889952152,<=>
15613,BSU_36900,b2551,58.621,406,164,2,8,410,12,416,1.0399999999999998e-167,474.0,415,0.9783132530120482,<=>
15615,BSU_36920,b4090,47.26,146,76,1,2,147,3,147,2.7199999999999997e-42,134.0,149,0.9798657718120806,<=>
15617,BSU_36930,b0982,28.570999999999998,147,98,3,2,147,8,148,2.02e-12,58.2,150,0.98,<=>
15618,BSU_36940,b1821,28.570999999999998,175,119,2,14,182,8,182,1.02e-14,66.2,185,0.9459459459459459,<=>
15623,BSU_37000,b2330,32.83,265,146,10,1,247,13,263,3.0799999999999997e-29,110.0,288,0.9201388888888888,<=>
15627,BSU_37010,b1211,50.568000000000005,352,170,2,1,351,5,353,4.659999999999999e-124,358.0,356,0.9887640449438202,<=>
15630,BSU_37020,b0187,65.079,126,44,0,3,128,4,129,6.779999999999999e-56,167.0,128,0.984375,<=>
15632,BSU_37040,b2372,26.214000000000002,309,215,4,10,315,9,307,6.33e-25,99.4,319,0.9686520376175548,<=>
15635,BSU_37060,b1238,29.891,184,112,7,16,188,10,187,4.59e-16,70.1,195,0.9435897435897436,<=>
15636,BSU_37070,b3936,43.93899999999999,66,36,1,1,65,1,66,1.72e-19,71.2,66,1.0,<=>
15638,BSU_37080,b3783,56.563,419,174,4,4,415,1,418,7.459999999999998e-172,485.0,427,0.9812646370023419,<=>
15641,BSU_37090,b3925,49.847,327,151,1,1,314,1,327,2.5999999999999993e-110,321.0,321,1.0186915887850467,<=>
15645,BSU_37110,b3946,37.85,214,128,3,1,211,1,212,2.49e-38,129.0,212,1.009433962264151,<=>
15648,BSU_37120,b2096,41.463,287,163,3,1,285,1,284,2.0499999999999998e-75,229.0,285,1.0070175438596491,<=>
15683,BSU_37150,b2780,57.699,539,215,4,2,530,3,538,0.0,624.0,535,1.0074766355140188,<=>
15692,BSU_37230,b0914,36.923,520,313,7,58,571,72,582,5.96e-107,330.0,575,0.9043478260869565,<=>
15789,BSU_37250,b1465,37.327,217,130,5,9,222,12,225,3.83e-39,132.0,223,0.9730941704035875,<=>
15792,BSU_37270,b1225,59.381,485,192,4,1,482,1,483,0.0,637.0,487,0.9958932238193019,<=>
15808,BSU_37280,b1224,51.885,1247,561,15,7,1227,2,1235,0.0,1343.0,1228,1.015472312703583,<=>
15823,BSU_37310,b1334,25.248,202,139,5,17,214,38,231,1.71e-06,44.7,238,0.8487394957983193,<=>
15824,BSU_37320,b1223,25.17,441,261,16,2,384,33,462,6.42e-21,91.3,395,1.1164556962025316,<=>
15830,BSU_37330,b1876,27.511999999999997,607,359,23,1,556,1,577,2.48e-41,154.0,556,1.091726618705036,<=>
15925,BSU_37490,b2937,34.909,275,170,6,16,285,27,297,1.6699999999999998e-45,153.0,290,0.9482758620689655,<=>
15926,BSU_37500,b0121,37.41,278,166,4,5,275,7,283,1.8499999999999996e-69,213.0,276,1.0072463768115942,<=>
15936,BSU_37560,b1719,48.185,606,312,2,7,610,4,609,0.0,617.0,638,0.9498432601880877,<=>
15939,BSU_37570,b3754,28.641,412,272,8,23,424,17,416,5.679999999999999e-36,135.0,466,0.8841201716738197,<=>
15955,BSU_37650,b2157,34.457,267,170,3,6,272,8,269,3.1399999999999996e-44,149.0,299,0.8929765886287625,<=>
16083,BSU_37790,b1761,30.534000000000002,393,239,6,38,410,50,428,7.769999999999999e-52,177.0,424,0.9268867924528302,<=>
16085,BSU_37820,b2040,34.812,293,171,8,3,277,2,292,8.54e-49,161.0,283,1.0353356890459364,<=>
16089,BSU_37830,b3788,48.64,331,148,3,6,314,5,335,1.8399999999999995e-104,306.0,315,1.0507936507936508,<=>
16097,BSU_37840,b3789,44.578,249,133,5,1,246,1,247,7.699999999999999e-66,203.0,246,1.0121951219512195,<=>
16105,BSU_37890,b2253,44.792,384,198,5,6,384,8,382,1.5499999999999995e-109,323.0,389,0.987146529562982,<=>
16109,BSU_37930,b2807,33.333,123,75,3,2,121,4,122,4.01e-15,63.9,123,1.0,<=>
16110,BSU_37940,b0513,26.389,432,299,8,4,427,11,431,8.790000000000001e-35,131.0,440,0.9818181818181818,<=>
16126,BSU_37970,b2580,53.488,215,98,2,8,220,6,220,3.9799999999999996e-82,241.0,225,0.9555555555555556,<=>
16140,BSU_38060,b3367,35.156,256,160,3,1,255,1,251,7.59e-39,133.0,256,1.0,<=>
16145,BSU_38110,b0851,40.244,246,138,2,1,246,1,237,2.74e-60,187.0,249,0.9879518072289156,<=>
16149,BSU_38150,b0430,46.667,195,104,0,6,200,8,202,3.54e-56,174.0,204,0.9558823529411765,<=>
16150,BSU_38160,b0431,51.643,639,301,5,13,646,14,649,0.0,668.0,649,0.9845916795069337,<=>
16151,BSU_38170,b0432,34.507,284,170,6,9,280,8,287,3.56e-51,169.0,321,0.8847352024922118,<=>
16152,BSU_38200,b0757,40.464,388,216,9,1,384,3,379,4.959999999999999e-97,291.0,390,0.9948717948717949,<=>
16154,BSU_38240,b4067,46.435,519,265,5,2,512,32,545,9.799999999999997e-158,457.0,513,1.0116959064327486,<=>
16158,BSU_38260,b1019,37.001999999999995,427,227,13,13,415,14,422,2.2199999999999994e-81,253.0,416,1.0264423076923077,<=>
16161,BSU_38290,b3993,32.804,189,121,3,27,213,20,204,1e-19,80.9,222,0.8513513513513513,<=>
16162,BSU_38300,b2104,39.768,259,150,5,3,261,9,261,9.17e-49,159.0,272,0.9522058823529411,<=>
16163,BSU_38310,b0338,31.915,282,190,1,4,285,4,283,1.0099999999999998e-49,164.0,301,0.9368770764119602,<=>
16202,BSU_38320,b2141,35.0,120,73,4,12,127,14,132,2.23e-14,62.4,128,0.9375,<=>
16203,BSU_38330,b2142,38.426,216,133,0,7,222,8,223,6.349999999999999e-44,144.0,225,0.96,<=>
16208,BSU_38340,b2964,24.432,352,232,13,25,350,19,362,3.76e-05,42.4,399,0.8822055137844611,<=>
16210,BSU_38360,b0967,32.308,390,255,5,4,389,5,389,1.0599999999999999e-58,193.0,396,0.9848484848484849,<=>
16212,BSU_38370,b1651,35.433,127,74,5,4,125,2,125,5e-11,53.5,126,1.007936507936508,<=>
16214,BSU_38390,b1737,33.836,464,255,15,1,434,1,442,1.14e-65,214.0,444,1.045045045045045,<=>
16230,BSU_38490,b3930,25.574,305,217,5,14,310,4,306,1.41e-18,81.6,311,0.9807073954983923,<=>
16249,BSU_38550,b3770,29.283,321,204,8,40,356,6,307,3.92e-33,122.0,363,0.8842975206611571,<=>
16250,BSU_38560,b1734,53.498999999999995,443,203,3,1,440,1,443,1.1499999999999995e-168,478.0,442,1.002262443438914,<=>
16253,BSU_38570,b1736,40.0,100,60,0,3,102,15,114,7.49e-22,80.5,110,0.9090909090909091,<=>
16255,BSU_38590,b1738,46.316,95,41,3,2,92,5,93,3.2399999999999997e-19,73.2,102,0.9313725490196079,<=>
16264,BSU_38640,b0427,25.587,383,267,9,11,384,5,378,3.6099999999999997e-09,55.1,400,0.9575,<=>
16362,BSU_38730,b0886,29.754,568,384,9,7,564,4,566,7.339999999999998e-79,256.0,575,0.9878260869565217,<=>
16456,BSU_38740,b0887,32.49,514,325,4,63,559,73,581,8.209999999999999e-82,264.0,567,0.9065255731922398,<=>
16543,BSU_38750,b0734,33.242,364,210,4,4,334,7,370,7.069999999999998e-66,209.0,338,1.0769230769230769,<=>
16546,BSU_38760,b0978,38.809,487,233,6,6,434,7,486,2.8599999999999993e-103,315.0,468,1.0405982905982907,<=>
16549,BSU_38810,b1318,66.563,323,103,1,1,323,1,318,1.3899999999999995e-156,440.0,365,0.8849315068493151,<=>
16658,BSU_38860,b0759,57.44,336,142,1,1,335,1,336,9.189999999999997e-144,407.0,339,0.9911504424778761,<=>
16708,BSU_38910,b2193,39.614000000000004,207,115,3,7,210,8,207,1.88e-42,140.0,218,0.9495412844036697,<=>
16738,BSU_38920,b1127,55.086999999999996,403,178,3,3,404,2,402,1.8199999999999996e-158,449.0,410,0.9829268292682927,<=>
16755,BSU_38980,b2222,53.365,208,94,1,3,210,2,206,1.2799999999999997e-84,247.0,216,0.9629629629629629,<=>
16759,BSU_39010,b1822,31.752,274,167,9,10,277,3,262,7.72e-33,118.0,282,0.9716312056737588,<=>
16763,BSU_39050,b1732,53.448,696,300,7,3,684,59,744,0.0,755.0,686,1.0145772594752187,<=>
16764,BSU_39080,b3723,42.391000000000005,276,158,1,1,276,3,277,1.8799999999999994e-88,261.0,277,0.9963898916967509,<=>
16809,BSU_39260,b3721,63.656000000000006,465,164,3,6,469,2,462,0.0,620.0,469,0.9914712153518124,<=>
16812,BSU_39270,b3722,38.854,628,353,9,5,608,3,623,1.4299999999999998e-146,435.0,609,1.0311986863711002,<=>
16834,BSU_39400,b4382,46.04,404,212,4,5,403,6,408,1.3199999999999995e-111,332.0,433,0.9330254041570438,<=>
16835,BSU_39410,b2393,60.20399999999999,392,150,2,7,392,8,399,2.8799999999999992e-154,438.0,393,0.9974554707379135,<=>
16838,BSU_39420,b4381,33.961999999999996,212,128,5,6,205,14,225,2.08e-21,86.3,223,0.9506726457399103,<=>
16839,BSU_39430,b4295,32.121,330,196,7,1,310,1,322,1.6399999999999998e-47,159.0,313,1.0543130990415335,<=>
16841,BSU_39450,b2452,41.667,408,200,5,1,370,1,408,7.979999999999999e-94,283.0,370,1.1027027027027028,<=>
16961,BSU_39550,b3697,51.128,266,130,0,3,268,4,269,3.2599999999999997e-91,268.0,270,0.9851851851851852,<=>
17141,BSU_39740,b3526,28.897,263,162,9,62,312,59,308,5.76e-17,77.0,325,0.8092307692307692,<=>
17196,BSU_39820,b0473,39.055,635,357,12,4,626,7,623,3.809999999999999e-148,439.0,626,1.0143769968051117,<=>
17233,BSU_39970,b2152,29.511999999999997,410,243,12,11,401,2,384,1.2099999999999999e-31,120.0,402,1.0199004975124377,<=>
17254,BSU_40040,b3124,58.667,375,155,0,1,375,1,375,1.2999999999999997e-146,417.0,382,0.981675392670157,<=>
17259,BSU_40050,b2664,22.886,201,139,6,27,217,12,206,0.000344,37.7,243,0.8271604938271605,<=>
17267,BSU_40070,b4296,59.556000000000004,450,179,3,1,448,1,449,3.319999999999999e-175,495.0,448,1.0044642857142858,<=>
17278,BSU_40090,b0605,65.241,187,65,0,1,187,1,187,3.1399999999999994e-96,274.0,187,1.0,<=>
17280,BSU_40100,b0606,56.673,517,214,5,2,508,1,517,0.0,585.0,509,1.0157170923379175,<=>
17286,BSU_40110,b2901,65.828,477,159,2,3,479,7,479,0.0,676.0,479,0.9958246346555324,<=>
17338,BSU_40230,b0636,31.447,159,104,3,1,159,1,154,4.78e-26,94.0,159,1.0,<=>
17413,BSU_40400,b2219,22.979,631,418,19,6,603,8,603,7.17e-31,124.0,611,1.032733224222586,<=>
17467,BSU_40420,b4177,47.907,430,222,2,2,429,3,432,1.1899999999999996e-144,416.0,430,1.0,<=>
17468,BSU_40440,b4052,46.24100000000001,439,229,6,8,440,25,462,1.5599999999999996e-135,395.0,454,0.9669603524229075,<=>
17469,BSU_40480,b1791,42.147,382,214,4,14,392,15,392,9.999999999999999e-84,258.0,402,0.9502487562189055,<=>
17472,BSU_40500,b4203,33.333,150,97,3,1,148,1,149,3.5499999999999996e-18,73.2,149,1.0067114093959733,<=>
17581,BSU_40660,b1596,43.223,391,222,0,3,393,26,416,2.1699999999999996e-107,320.0,404,0.9678217821782178,<=>
17628,BSU_40680,b2267,29.787,141,89,4,8,142,13,149,8.980000000000001e-12,56.6,147,0.9591836734693877,<=>
17656,BSU_40840,b1775,30.296,439,276,12,7,429,2,426,1.42e-45,161.0,451,0.9733924611973392,<=>
17676,BSU_40850,b0459,64.67399999999999,184,63,2,2,184,1,183,2.1099999999999998e-86,249.0,184,1.0,<=>
17695,BSU_40880,b1749,31.579,266,158,8,1,246,1,262,1.82e-35,124.0,252,1.0555555555555556,<=>
17696,BSU_40890,b4202,58.208999999999996,67,28,0,11,77,6,72,7.36e-26,87.8,79,0.8481012658227848,<=>
17697,BSU_40900,b4059,33.333,183,100,7,2,172,6,178,5.81e-18,73.9,172,1.063953488372093,<=>
17699,BSU_40920,b1203,55.738,366,159,1,1,366,1,363,2.2399999999999995e-150,426.0,366,1.0,<=>
17724,BSU_41000,b3740,33.81,210,127,3,10,219,9,206,2.47e-34,119.0,239,0.8786610878661087,<=>
17725,BSU_41010,b3741,52.56399999999999,624,291,4,8,627,7,629,0.0,635.0,628,0.9936305732484076,<=>
17726,BSU_41020,b3706,33.689,469,281,11,2,459,5,454,6.159999999999999e-79,249.0,459,1.0217864923747277,<=>
17731,BSU_41050,b3704,29.825,114,70,3,6,114,11,119,7.9e-09,47.0,116,0.9827586206896551,<=>
